dots,data
1,0.0
2,0.5625
3,1.06640625
4,1.64520263671875
5,1.253759765625
6,0.3527984619140625
7,0.6225912911551339
8,0.7127348184585571
9,1.067399024963379
10,0.8799997329711914
11,0.8493720563975248
12,0.4592347741127014
13,1.525374948978424
14,1.1174247520310538
15,1.189039671421051
16,0.9102446290198714
17,0.7779946381993154
18,1.6230841018259525
19,0.5658498584832016
20,1.039719358831644
21,0.6727450569825513
22,0.9533936662430113
23,0.9996095241918026
24,1.3608433634508401
25,1.1567427904251963
26,0.8427619343229498
27,0.9457557514154663
28,0.9389772249186146
29,0.7919258636277939
30,1.2581664985511452
31,1.257064299410089
32,0.790563148425008
33,1.1889818046514515
34,0.7702376312475226
35,0.8967513445843777
36,1.2216597147780703
37,0.8975043544011675
38,1.0463087558891857
39,0.9415597598070655
40,0.8155526858899975
41,1.1295461895248835
42,0.9424462064447913
43,1.1192292497303136
44,1.0192738802698758
45,0.8099341345186986
46,1.175889445979959
47,0.9904634088896545
48,0.9681893998613305
49,0.9973114353097859
50,1.0225670521910433
51,0.9745158548086479
52,0.9785738775494442
53,0.9781390418822995
54,0.9752853510614538
55,1.0573413684833048
56,0.919025451415629
57,1.1370865580968854
58,0.9423570916886657
59,1.019693964565889
60,1.0395198405089103
61,0.8781814780042891
62,1.0687897154430175
63,1.0584332069732096
64,0.9949601236116843
65,0.9052785353213818
66,1.0775359908154718
67,0.9943202554251814
68,0.8648293533166191
69,1.2285454511553775
70,0.886462835338838
71,0.9858055472232585
72,0.9607825301869184
73,1.0483739638845686
74,0.9889386492848696
75,1.0286244638352242
76,0.9863322209714595
77,0.941570461514589
78,1.036392577857323
79,0.9917957295548901
80,1.022726023421376
81,0.9855386523800576
82,1.009888062524603
83,1.0283585663257118
84,1.0081941440306943
85,1.023778365545982
86,0.9438423944494576
87,1.0565376031128055
88,0.8548319972534738
89,1.140566472314226
90,0.9500526016390382
91,1.0443219896999347
92,0.910304537394946
93,1.1244041935504983
94,0.912390572468323
95,1.000882246883989
96,0.9603057200550111
97,0.97954158387575
98,1.065783992437622
99,0.9835820678315677
100,1.0094804135794186
101,1.019953618390846
102,0.9706877024454627
103,0.925837154312934
104,1.1563492164423237
105,0.8783409317844793
106,1.0899606747139858
107,1.0452837074146921
108,0.922703795738304
109,1.0592317457185219
110,0.9815161928223279
111,0.9640699177660054
112,1.0251074353451806
113,1.0027843597354504
114,1.0135231020312967
115,0.903382796025733
116,1.0557406910239027
117,1.0369896640472616
118,0.966544269020335
119,0.9583199791600274
120,1.0178289289778597
121,0.9809383326235102
122,1.0139894790927915
123,1.0691267742239114
124,0.8935862690880744
125,1.0458087253424675
126,1.035567857785687
127,0.9794740523491836
128,1.023874892848252
129,0.9586045684673488
130,1.0028299374118421
131,1.0544757341964128
132,0.9159014634111744
133,1.0388325353810544
134,1.0540068120827943
135,0.9511256129871286
136,1.0149099231704743
137,0.9983887437584716
138,0.9520749527498711
139,1.0235969993401888
140,1.0012138036578524
141,1.0312055967198241
142,0.9956200366866987
143,0.9727782366795216
144,0.9935795233676736
145,1.039388992715044
146,1.0094937553279884
147,0.903699221891769
148,1.0569715379894198
149,1.0068970755505666
150,1.001886361136341
151,0.9775072838265376
152,1.032098259651277
153,1.0088476611253738
154,0.9946127665540461
155,1.0108631772927719
156,0.9561273553841144
157,1.056128509988332
158,0.9471073464305941
159,1.0150277068017433
160,1.0397771452615552
161,0.9909551294930847
162,0.9548084037860366
163,1.0423215131175367
164,0.9798447642085824
165,1.0013345300311753
166,0.998644459096153
167,0.9920178928880864
168,0.9946527542241318
169,0.9935118224201757
170,1.0110922284474524
171,1.0114882003567711
172,0.9827848313217252
173,1.0483657759816087
174,0.9183082574786485
175,1.044301112933243
176,0.9967206200999779
177,0.9912855407134178
178,1.0213838376183335
179,0.9816678208201698
180,1.0148398077321017
181,1.0194245567621378
182,1.0066425168168687
183,0.9639448078596581
184,1.00999074279594
185,1.0162824432491675
186,0.9747155587058371
187,1.0488004245958107
188,0.9403690050942489
189,1.025122318669205
190,0.9943563241302324
191,1.006885719971873
192,0.9978497735502083
193,0.9925583653421557
194,0.9870172670989137
195,0.9696003615564167
196,1.0449888152757567
197,1.0386887720020148
198,0.9551176075273844
199,1.0071159379253631
200,0.9974902800938764
201,1.0245947487070866
202,0.9946614224572303
203,0.956460185667602
204,0.9649617411325951
205,1.0215958387581472
206,1.0222265907541852
207,0.9869634858661351
208,1.0371515473318857
209,1.0106824986269682
210,0.947642024692888
211,1.0237486868481773
212,1.0350675771677944
213,0.9662388519089793
214,1.0149978516215838
215,1.0149025389023125
216,0.9693622393141131
217,1.0231091299180521
218,0.9787844213506309
219,1.0001170880491554
220,1.0194756021050746
221,0.976731488568016
222,1.0069789667425562
223,1.0435264743165409
224,0.9687639410248446
225,0.9636512417472947
226,1.0464596119614344
227,0.9633044248823682
228,1.0036215632644496
229,0.9975136900418647
230,1.0011256175968477
231,0.9701216885611117
232,1.0325837851984436
233,1.0149777266688507
234,0.9689181414192639
235,0.9970231148114193
236,1.02853600424848
237,1.0328835529667086
238,0.9682651624866194
239,1.0042618270158605
240,1.0050268551625057
241,0.990485942641627
242,0.9957203344140108
243,0.9970211306663547
244,1.0199739274085755
245,0.9820888145547013
246,0.9679429206994666
247,1.031711450509746
248,0.9969924497488001
249,1.007085205465739
250,1.0413660137020992
251,0.9359531959400308
252,1.0200811880683804
253,0.9951935830879258
254,0.9901532034578713
255,1.042116483780124
256,1.0041387906851482
257,0.9672522573086414
258,1.0101968061941473
259,0.9957069358999746
260,0.9718297934904018
261,1.0531447299356294
262,0.9606495981027454
263,1.0014465026174317
264,1.0077846602210008
265,0.9716188301158245
266,1.0310350470770915
267,1.0170684393844627
268,0.9816954859751672
269,1.0014697178073628
270,1.0028649430884617
271,1.0075293633899705
272,0.994193836902075
273,0.9755585912113404
274,1.0176285305454602
275,1.001397228320273
276,0.9916713278355825
277,1.0081827812743704
278,0.9905261705816573
279,1.005692776115552
280,1.0377975919869076
281,0.9902511006493145
282,0.9786816134537061
283,0.9863741938352872
284,1.0027607928946625
285,0.9711238329933571
286,1.012880563680596
287,1.0290884279456596
288,1.0234159490267778
289,0.9698285964047019
290,0.9917868995545256
291,0.9939061389025033
292,1.0141704126236386
293,0.999205666100496
294,1.0112135010051302
295,0.9831235891761343
296,0.9754862368878402
297,1.0451305505359574
298,0.9807347689745145
299,1.0123593163861793
300,0.9983051807576362
301,0.985452974240987
302,1.0090821163116206
303,0.9981165045683558
304,0.990006830234436
305,1.0153054411014348
306,1.0053892302272998
307,0.9881667753931095
308,1.0068465401354618
309,1.0143438176010462
310,0.9787323156885115
311,0.9924349104914006
312,1.0181512440375837
313,1.0078879285962026
314,1.0113154531140447
315,0.9817025120499773
316,1.0052454878498343
317,0.9948303908814546
318,0.9920210049765875
319,1.0036783209746143
320,0.9875187115166986
321,0.9928923575642091
322,1.0140633898662867
323,1.009187429770064
324,0.974874404054818
325,1.0229581070257612
326,1.0073006319106326
327,0.9856202064876903
328,0.9953181867496854
329,1.0006088217734062
330,1.0083655733153996
331,0.993362985158854
332,0.977910546107074
333,1.0295867818894882
334,1.0068194875467735
335,1.0033925097738476
336,0.9902516034621967
337,1.0077096547930726
338,0.9700594685106514
339,1.0290806500565066
340,1.0172687831966456
341,0.9629432255101146
342,1.0028855451716059
343,0.9770102122541171
344,1.049884405807964
345,0.9923387496124048
346,0.9870024949287768
347,1.003018199917819
348,0.9852423952847975
349,1.0076342225382013
350,1.0220470507528436
351,1.006237143223707
352,0.9832087571836635
353,0.9746079220483435
354,1.0209396781420996
355,1.013358939718066
356,0.9929875516872845
357,0.9981223428455375
358,0.9846595613165152
359,1.0238810798073723
360,0.9553646426330442
361,1.0232165348101014
362,0.9919100738283007
363,1.0247833687728218
364,0.9784125399573789
365,0.9865579119298346
366,1.0199851888108182
367,1.0153421796676645
368,1.0010879346203527
369,0.9711246548448504
370,1.0136482043014672
371,0.9816826176624059
372,1.0156640730458435
373,1.005824892764228
374,1.0112058709191631
375,0.9871439660763744
376,0.9951973269197121
377,1.0054838208433603
378,0.9776063877365568
379,1.0227889691049992
380,1.0047779138243256
381,0.9907453661388141
382,0.9930872122531027
383,1.00654537345266
384,1.021104712076689
385,0.9916239097835905
386,0.9942580541999835
387,0.9940984685806799
388,1.0053886907609568
389,1.0218373256025342
390,0.9682828727377246
391,0.9993917534925257
392,0.9992377317832076
393,0.9937718387672808
394,1.0161769365496656
395,0.9912158768835082
396,0.9872738318933199
397,1.014362573664509
398,1.013256332506338
399,1.0072396633410352
400,0.9958240424602748
401,0.978384352693071
402,1.0137879557241605
403,0.9819853585231364
404,1.039120765136496
405,0.9792250087844352
406,0.9976490442997007
407,1.018076101539007
408,0.9617263641705269
409,1.0341910117465904
410,0.9805147167375946
411,1.0109890731685476
412,0.9975604514006402
413,1.00198697707568
414,0.9943173446998745
415,1.0040949515305342
416,1.0135069049126473
417,0.9815232096203592
418,1.0018613422837204
419,0.9973148365040025
420,1.0059411588381015
421,0.9967868641089178
422,1.0017418792072499
423,0.9813586653763664
424,1.030676309676944
425,0.9803419053283078
426,1.0194048617372302
427,0.9841361685898752
428,0.9971337873152426
429,0.988767866742376
430,1.0268426632043737
431,0.9906133330057051
432,0.9893863327941462
433,1.0123751089484252
434,0.9958168599281356
435,1.0011559647431438
436,1.0073429018336326
437,1.0040328497136604
438,0.9836292773348174
439,1.0010808415587018
440,1.0065315283842167
441,1.0061243792950683
442,0.9649313989780434
443,1.010019860765193
444,1.0256717057292706
445,0.9976508177532722
446,0.9937980614515165
447,1.0036386606195309
448,1.004958197118778
449,0.9966728381434528
450,0.9970886497052142
451,1.006100126430146
452,0.9956979977805077
453,0.9959731443612057
454,1.0006793482481582
455,1.0025134642517817
456,1.002736604232675
457,0.9946501142624254
458,1.013476324262149
459,0.990691415624476
460,0.9709843383683727
461,1.0276567707442616
462,0.9943793948580241
463,1.0148797123403899
464,0.9911362548911377
465,0.9815139182691683
466,1.0105411433715963
467,0.9966653269550018
468,1.0088269821019702
469,1.0012831561067148
470,0.9887899896322933
471,1.0156077294562234
472,0.9774250245730828
473,1.0071477246860976
474,1.0083430833540508
475,1.0001428458014636
476,1.0018639209889828
477,0.9994916564119454
478,1.0015436049036024
479,0.9954079333763816
480,0.9926497828702293
481,1.0255037319625286
482,0.9687910746836005
483,1.0125604420569185
484,0.9904139277990935
485,1.014054516737826
486,0.9963998104583476
487,0.9831033280260313
488,0.9971821934620462
489,1.0090754707774114
490,1.0174634469266675
491,0.9936873046079824
492,1.0014448128147018
493,0.9952997005887873
494,1.0039108338271052
495,0.9902576919568983
496,1.010580794685318
497,1.005919943438156
498,0.9856662566277031
499,1.0033044754622655
500,1.0069308579956597
501,0.9971493499240905
502,1.0117512619094986
503,0.9895920879176009
504,1.0041806792312598
505,0.9938150622319398
506,0.9835153128747084
507,1.0161588671487345
508,0.9951628168723413
509,1.01110525161058
510,0.991454826336916
511,0.9981564552008981
512,1.0050243692861576
513,0.9942830032475408
514,1.004465004785012
515,1.0124278680462881
516,0.9768753958482564
517,1.0107725184032847
518,1.0121106013302303
519,0.9876431871908623
520,1.004519475659719
521,0.9993787967592956
522,0.9880985342649551
523,1.0192494759537385
524,0.9720882224655122
525,1.0120281320884104
526,1.0099450692616958
527,1.0049664756335281
528,0.9886541040695265
529,0.9945812069403283
530,1.0199164074221694
531,0.9851284801921127
532,1.023977876808366
533,0.9854489730938671
534,0.9896388673415337
535,0.9914983562190963
536,0.9997054967997305
537,1.0036410462676604
538,1.0030654773847156
539,1.0118370402591543
540,0.991037625602727
541,1.0026519950748052
542,0.9968594675932614
543,1.007592969321049
544,1.0113445908483523
545,0.9732424647621126
546,1.0259576449737897
547,0.9851745100558918
548,1.0088036650820809
549,0.9878155603178216
550,1.0006714347301735
551,1.0184887622256775
552,0.9694401471783475
553,1.0164734275454055
554,0.9981979874470024
555,1.001358668827233
556,0.992492440785251
557,1.00745212604926
558,0.9942255389915795
559,0.9938416206652968
560,1.0171195252565004
561,1.0006126702513833
562,0.9945562839513191
563,1.010096747009349
564,0.9902942038289773
565,0.9965663979990962
566,0.9882067104156438
567,1.0194322045331383
568,0.9968404923427728
569,1.0019883332006425
570,0.9773754425312267
571,1.0251997978746572
572,0.9893608725771816
573,0.9929827422292999
574,1.006348495671738
575,1.0089967230441135
576,0.9910489483145324
577,1.0041963388216364
578,1.0016825460802332
579,0.9871252842327115
580,0.9972743467028916
581,1.0130651698711304
582,1.001095432854613
583,0.9979756218957478
584,0.9947321994639763
585,0.9978427288529361
586,1.0073467133384555
587,1.0030915789123125
588,1.0084126740173134
589,0.985452562263744
590,0.9992926991212523
591,1.0040943293906266
592,1.0025940660872992
593,1.002499901565066
594,1.008920116415232
595,0.9881587654382553
596,0.9867264094551232
597,1.0048608091786912
598,1.0113534806274964
599,1.0052504879459332
600,1.0042854791238438
601,0.9895055490537535
602,0.9972206839479034
603,1.000662570757025
604,1.0038857198360494
605,0.9914478157717481
606,0.9992977908202625
607,1.004852918749922
608,0.9922513817773542
609,1.0028250843534527
610,1.0029947357499163
611,0.9961981192586793
612,1.0083751573043243
613,0.998305099720766
614,1.0048534763421406
615,0.9801099224809334
616,1.0040146350860684
617,0.9999130772828141
618,1.0152396939644601
619,0.9947040216002095
620,0.9964126766092785
621,1.0041060504972994
622,1.0068364911569507
623,0.9858059978025135
624,0.9936426060502163
625,1.0125763312364642
626,1.001547675274355
627,0.9960605078359811
628,1.0017885968999773
629,1.0042170465052989
630,0.9985526336324936
631,0.9963393541656906
632,1.0045081578534782
633,1.0065342271586637
634,0.9769249651398257
635,1.028879215018472
636,0.9763977373079975
637,1.002155362039312
638,1.0120909919639558
639,1.006306257473596
640,0.9871280227062549
641,0.9982612002925446
642,1.0025384241140929
643,1.0084972344654193
644,0.9845092728673407
645,1.0185450281647757
646,0.9850937266249549
647,1.0006458703126853
648,0.9994716757836619
649,1.0019442113879866
650,1.0009850723759652
651,1.0000429972551832
652,0.9996867616014328
653,1.0057241378960744
654,0.9955248307019234
655,0.9982023720151633
656,1.0055330816767238
657,1.0034634704567338
658,0.9907802966039255
659,0.994265260134587
660,1.0034784200662488
661,1.0057358281871351
662,0.9974348805185658
663,0.9896403889214322
664,0.9979797760584341
665,1.0054932785829866
666,1.0083125814921825
667,0.9976976235666103
668,0.9973446697344587
669,1.005241294448704
670,0.9895523004872815
671,1.0002658777498656
672,1.0070677953425338
673,1.0105504854320124
674,0.9780318060178778
675,1.0134799345343712
676,1.008973740641184
677,0.989743511014356
678,1.0058705065535891
679,0.9945027166482773
680,1.0094657004463987
681,0.9961446387065809
682,1.0021969186762987
683,0.99574468438562
684,0.9951760362007562
685,1.0014150497759982
686,0.991232171555156
687,1.0073291058407254
688,0.999346793515161
689,0.9962649526057079
690,1.0036765569107267
691,1.0029724761015275
692,0.9965475711599103
693,1.0037204599478917
694,0.9975800194256023
695,0.9987320769600924
696,1.0039913275536485
697,0.9959522077659492
698,0.9890780353634492
699,1.0171258013589852
700,1.0030324464677782
701,0.9949764323350746
702,1.000846153480356
703,1.0007640713536983
704,1.0066330948553215
705,0.9860404122228118
706,1.005973497506092
707,1.0063542368748768
708,0.9957622232445114
709,0.9820237073924001
710,1.0125554647498884
711,0.9991551271298719
712,1.0028422187687027
713,0.9879576750150427
714,1.0127863116687121
715,0.9966317196267145
716,1.0032807812865827
717,1.0005825220891835
718,0.9991418094249278
719,1.0081187741299
720,0.9942137439551435
721,0.9871720671635725
722,1.0173020504788104
723,0.9933768820580543
724,0.9986220435918118
725,1.0076204902945232
726,0.9897836057130996
727,1.002546556158395
728,1.009827872738026
729,0.9904743276653598
730,1.0004327881418908
731,1.0058476602028343
732,0.9924008723234676
733,1.0019066526075369
734,1.003051018895799
735,0.9904406189096254
736,1.006998568579155
737,0.9890408900281642
738,1.0115459371256594
739,1.0057597755474643
740,0.9942750334067608
741,1.0030842498730417
742,1.0023182243947881
743,1.0038756867444643
744,1.0000937885799748
745,0.9902375042064003
746,1.0003358330032408
747,0.997740366194709
748,0.9945324488982213
749,0.9965653973824807
750,1.0084218894406298
751,1.005554305066041
752,0.9911054697256072
753,0.9957930359344471
754,1.0128172658303665
755,0.9959455736452097
756,1.0076942948070993
757,0.9917112009562385
758,0.9900360248507275
759,1.0072276389120698
760,1.0013047251663116
761,1.0000562065207157
762,1.0144680701102469
763,0.9882813751539032
764,0.9932532287718462
765,1.0057460440611468
766,1.0082890182187187
767,0.9994525551532752
768,0.995633824178646
769,1.0063565434861936
770,0.9919196512632714
771,0.9918564604955198
772,1.0065122023846655
773,1.0127424171497137
774,0.9866521526854173
775,0.9993967528745658
776,0.9936359013813824
777,0.9989050627962468
778,1.0095568056681987
779,1.0067033989505514
780,0.9925694541528162
781,1.0051739813394636
782,0.9866279412581161
783,0.9991607138554138
784,1.0139400922640653
785,1.000289362634434
786,1.0049958542119388
787,0.9903102889371908
788,1.0116961576288004
789,0.99240004818354
790,0.9972090027361429
791,0.9963290246575661
792,1.0040143710230949
793,0.9969778030998997
794,1.004001168055235
795,0.9940642381662728
796,0.9980094714129469
797,0.9970445242771158
798,1.0188045458694177
799,0.9893884660436327
800,0.9937253161090402
801,1.006833587349352
802,1.0090136280144582
803,0.9916084535605258
804,0.9986387185527376
805,1.000037824012465
806,0.9935907444526579
807,1.0144031792667632
808,0.9918649427054721
809,0.9968464226332736
810,1.0019508118947387
811,0.9967173820073459
812,1.0000201142838911
813,0.9973672783270415
814,1.0126052388407312
815,0.9975569373812041
816,0.9952458478378581
817,0.9994067412161369
818,0.9970343869032623
819,0.9954398863587387
820,1.006324241900595
821,0.9991354387080319
822,1.0160136718797095
823,0.9868940547201632
824,1.0012582915775041
825,1.0075356042554235
826,0.9910443336956958
827,1.0043447916923702
828,1.003481840492933
829,0.9934154179973774
830,1.005161139385849
831,0.9927778420232052
832,1.0061714791424463
833,0.9960613313538447
834,1.0026327796332355
835,1.003613895424478
836,0.9971979145299938
837,0.9975102057836044
838,1.0047074397603284
839,0.995997697655365
840,0.9982134917890217
841,0.9937938312877845
842,1.0055369556944238
843,0.9985117724550334
844,1.00294772228617
845,0.9969302053879873
846,1.0025203875315747
847,0.9943031428554536
848,1.0023474457057435
849,1.0058191776056549
850,1.0085538189501337
851,0.9915267084602597
852,1.0049501499995719
853,0.9983443096761924
854,0.9901620910619287
855,1.0106769881638795
856,0.9920754185521093
857,1.002021401402868
858,1.0001609116010663
859,0.9982041422445279
860,0.9961429058869705
861,0.99878933578506
862,1.0057565938870072
863,1.0112292875442719
864,0.993756133959441
865,0.9926782031175481
866,1.0022980492727505
867,1.0065726864726485
868,0.996659803514432
869,0.9980558130988509
870,0.9942753735113697
871,0.995590767833371
872,0.9974713454133269
873,1.0118275352857444
874,0.9988526603321686
875,0.9959859245960879
876,1.0032095645842078
877,1.0025145545256537
878,0.9978465986643875
879,0.9989668092467707
880,1.0056250797477564
881,0.9971053600619658
882,0.9988922397860277
883,0.9982299812179872
884,1.004321670927613
885,0.9985690059434577
886,1.0089853589491378
887,0.9937625901271673
888,0.9980362315200899
889,0.9961402636536684
890,1.002530524146683
891,1.0018652821236533
892,0.9951295425319223
893,1.0012850283910797
894,1.0019723710608772
895,0.9985655081771595
896,1.0046043062725476
897,0.9995783750063285
898,1.0015232037062667
899,0.9968448312259983
900,1.0005379703435562
901,0.9969335111680049
902,1.0098490796485686
903,0.9920154674206986
904,1.0015390543122964
905,1.0054530305573268
906,0.9927396749814976
907,1.000705474844848
908,0.990673576175124
909,1.0127501342467082
910,0.9959347300535561
911,1.0075450957484238
912,0.9931022201892514
913,0.9973985017965777
914,1.003986310959198
915,0.9973836519141472
916,1.0095310183419728
917,0.9845026504019564
918,1.008432567481803
919,0.9966502325912544
920,1.0017040150700125
921,1.002876055921647
922,0.9959600197880919
923,1.0064513755222524
924,0.9986779141835891
925,0.9961894383797653
926,1.0079869590049502
927,0.9939703096716236
928,1.007740929813644
929,0.9835684910712428
930,0.9987627366640697
931,1.0016287938529889
932,1.0097405129751105
933,0.9961972072521654
934,1.002607903142505
935,1.0070518626151144
936,0.989780992988234
937,0.998581975455868
938,0.9981206131111428
939,1.0046071941104473
940,1.001070322940102
941,0.9957533147295637
942,1.001039065991685
943,1.0027407218996094
944,1.0070621497791061
945,0.9883533221064296
946,1.0022548879909385
947,0.9919818838284429
948,1.0076067739187469
949,0.9986413275991118
950,0.9944550090232587
951,1.005763595405587
952,1.0027712307149332
953,1.0007273291376158
954,0.9997262716107976
955,1.0028252783574725
956,0.9971441546559866
957,0.9988537104849268
958,1.0033090135280458
959,0.9974028125536746
960,1.0048982750048479
961,0.9988893366356576
962,0.9922564542713513
963,0.9973473198226284
964,1.0158035596749657
965,0.999088652040984
966,0.9917593814315193
967,0.9984156890410735
968,0.9998957557984341
969,1.0011968045441688
970,1.0000497422812606
971,0.9962921012633842
972,0.9960700485059959
973,1.01112910304464
974,0.9962821238955539
975,1.00216387216794
976,0.9981480919446885
977,0.9920429494416849
978,1.0087608543375155
979,0.9995862766011178
980,1.0018905998906944
981,0.9977248074646531
982,0.9994267232396309
983,1.0002786778997863
984,0.9918050844949483
985,1.007575850062023
986,1.0006336379172465
987,0.9995234748962457
988,1.002436493399075
989,0.9991180288388702
990,0.9928481827353317
991,1.0153847753561498
992,0.9927402118360971
993,0.9907034653186969
994,0.9994997140936576
995,1.00825237241187
996,0.9985989128075983
997,1.0002841951425703
998,0.997496451739876
999,1.0042502506812907
1000,0.9919956950178523
1001,1.0090219077185287
1002,0.9973057012859083
1003,1.0107383209926248
1004,0.984276363567132
1005,1.0145195163551777
1006,0.9865857320622342
1007,1.0092198934541807
1008,1.00043395778695
1009,0.9884842367818476
1010,1.0081232259510167
1011,0.9931055707990849
1012,1.0034686687650909
1013,0.9990819251004583
1014,1.0049680036625406
1015,0.9993569531203985
1016,0.9997898644021534
1017,1.0022766673276098
1018,0.9959245147030498
1019,1.00189047832575
1020,1.0036841400127725
1021,0.9923196321315533
1022,1.0052549182624042
1023,0.9993738167995186
1024,1.003713504920929
1025,0.9925061303537008
1026,1.0048008319957946
1027,0.9964971837699385
1028,0.9968532238027663
1029,1.0108120405399308
1030,0.9927241592288685
1031,0.9990862041074878
1032,0.9994673820311206
1033,0.9958417453900136
1034,1.0064721178582527
1035,1.0048374551499724
1036,0.9932682164403611
1037,1.001182716703313
1038,0.9993494914257504
1039,1.0047391791366282
1040,0.9938024359795555
1041,1.0022005803729608
1042,1.002297741021385
1043,0.9943856355137823
1044,1.0051453627204763
1045,1.0013429847609652
1046,0.9965820716371204
1047,0.9982131795998811
1048,1.007490400464338
1049,0.9930988176383447
1050,1.0030554070319189
1051,0.9972511535530807
1052,0.9985917508191192
1053,1.0015221116932658
1054,1.000135560710251
1055,0.9959869365115576
1056,0.9995700663989178
1057,1.0120694335275195
1058,0.9912684932358699
1059,1.0034703527569127
1060,0.9982675324263551
1061,1.0001237792263151
1062,1.0015679662454644
1063,0.9973870822745223
1064,1.008618895852041
1065,0.9954113231909126
1066,0.9971767652836141
1067,0.9997721719395443
1068,1.0016736624287357
1069,0.9953671098298109
1070,1.0087136201447438
1071,0.9956639701617015
1072,1.005211878579646
1073,0.9940640685865799
1074,0.9963342331340824
1075,0.9947509602865988
1076,1.0060142572650013
1077,1.0011718360914625
1078,0.9998732074932598
1079,1.0003696568372964
1080,1.0000591120342897
1081,1.0004432298928372
1082,1.0017219547392553
1083,0.9976772446624549
1084,1.002461533976818
1085,0.9995770305917346
1086,0.9997137301140817
1087,1.0007006978656412
1088,0.998811375334805
1089,0.9955042889537021
1090,1.0074249499627648
1091,0.9997750091269122
1092,0.9909472872316488
1093,0.9973222727028296
1094,1.0096834352324795
1095,0.9990294761952303
1096,0.9996286317842922
1097,1.0004138342243107
1098,0.9989252995276301
1099,0.9972334575231707
1100,0.9975255547673801
1101,1.0054797323372473
1102,0.9987347228759095
1103,1.0028067032596457
1104,0.9989500191024738
1105,1.004079707764129
1106,1.002503688960514
1107,0.9947124330043415
1108,0.9992636434336898
1109,1.004518894498586
1110,0.9986646721639983
1111,0.9947824453770777
1112,0.9958024144946453
1113,0.999666975911881
1114,1.0061251249367829
1115,1.0001749300029483
1116,0.9993407288885036
1117,0.9997695336888706
1118,1.0010794130521605
1119,0.9993203231366555
1120,1.0002816631971017
1121,1.0073880847397845
1122,0.992025779999536
1123,0.9979828276448783
1124,1.0057050111388286
1125,0.9962520629145599
1126,1.005848989552084
1127,0.9877134428162905
1128,1.0006240071808334
1129,1.0066960402603116
1130,1.0005240478103656
1131,1.0006397126224138
1132,0.9986162563830111
1133,0.9940053976178461
1134,1.0067614905202855
1135,0.9983292168089362
1136,0.9955157671690931
1137,1.006981429782121
1138,0.9972300372984951
1139,1.0053742002386274
1140,0.9952688704713051
1141,1.0012723832545132
1142,1.00342082485098
1143,0.9919990591687068
1144,1.0013317197777098
1145,1.0004735992361988
1146,1.0015870736229855
1147,1.0001110280766359
1148,1.0047706878327296
1149,0.9963217529225888
1150,1.0015413745022703
1151,1.0021539555996484
1152,0.9967449997411502
1153,0.997525609907254
1154,1.0004920992490733
1155,0.9968701418980932
1156,1.0040969110659526
1157,1.000339593464229
1158,1.0036766026771542
1159,0.9962837667576219
1160,0.9946105686943058
1161,1.01141107953791
1162,0.9938803461157381
1163,0.9981317255830638
1164,1.0059415947538117
1165,0.9933795566613105
1166,1.0033153896737483
1167,0.9983192266394663
1168,1.0032821828938734
1169,0.9967352111344729
1170,1.0063381758857473
1171,0.9942016677013032
1172,1.006909672346631
1173,0.9941038852882537
1174,1.000303540136769
1175,0.9893070416805282
1176,1.0023229672162015
1177,1.0050888172704875
1178,1.001247363124341
1179,1.0007166320671537
1180,1.002244285226421
1181,1.0017583464993303
1182,0.990847999465783
1183,1.0119238230635377
1184,0.9895401941937707
1185,1.006172571722507
1186,0.9888542722610862
1187,1.0090503037876308
1188,0.9983491519538823
1189,1.0018673198019028
1190,1.003414483802805
1191,1.0009627996697332
1192,0.9956344139825789
1193,0.9979759619200548
1194,1.0054175936120928
1195,1.002663661202205
1196,0.9903865946433958
1197,1.001713570041537
1198,1.0043249466206978
1199,0.9981345452896973
1200,0.997528651290192
1201,1.004865071444947
1202,0.993031166091624
1203,1.0034967665088967
1204,0.995959889659117
1205,1.0048813512192738
1206,0.9938777878030802
1207,1.0054551949748303
1208,0.9975631431568521
1209,1.0034603232521975
1210,1.0061763671706367
1211,0.999352963940091
1212,0.9945616588049572
1213,0.9999964521465988
1214,0.99703300467997
1215,1.0039608729187952
1216,0.9997034559400105
1217,0.9987465878307342
1218,1.000093049414148
1219,1.000806202446002
1220,1.0038154449047996
1221,0.9953669506348949
1222,1.0033857454948345
1223,0.994554849256801
1224,0.9987801621982464
1225,1.0036670990346115
1226,0.9981189323652616
1227,1.00143206540159
1228,1.0048994377026503
1229,0.9936399365836599
1230,1.0048743094129822
1231,0.9993330061042945
1232,1.000105126059242
1233,0.9972901439961596
1234,0.9990270059347259
1235,1.0008135709285668
1236,1.0003716525537334
1237,0.9956384679576892
1238,1.0057306991696617
1239,0.996449671868288
1240,1.0052886757375994
1241,0.9989652369610065
1242,0.9962253237961033
1243,1.0011381688503853
1244,1.0000581901845285
1245,1.0054850805716036
1246,0.9944997336033792
1247,0.9958671601023894
1248,1.005953657991686
1249,0.9963721886829305
1250,1.003107157993009
1251,0.9972686148329141
1252,1.0013315958639175
1253,1.0004574883794595
1254,0.9956536235846499
1255,1.0088623477675407
1256,0.9991231389969935
1257,0.9926182751523402
1258,1.0001687986087209
1259,1.0043587726873915
1260,0.9990739229996501
1261,1.000134754592839
1262,0.9975843713293534
1263,1.0050755946025458
1264,0.9989626464483696
1265,0.9976991300400233
1266,1.0019244132576903
1267,1.0039358232352953
1268,0.9937104868684324
1269,1.0001980301925772
1270,1.000520212461015
1271,1.0002137427928506
1272,1.0003387929928522
1273,0.9963473812979329
1274,1.0017764753273002
1275,0.9948223743016431
1276,1.0077507190183417
1277,1.0023182684711631
1278,0.9946125841912179
1279,1.0009401036171834
1280,0.9994134785842919
1281,0.9994106314767577
1282,1.0063604400174375
1283,0.9943397676098032
1284,0.9975505693034417
1285,1.0033083699754404
1286,0.9981471390754093
1287,0.9996843553460403
1288,1.0029285550310236
1289,0.9997337234966318
1290,0.9994526261633835
1291,1.0025873280613633
1292,1.001221772410306
1293,0.9992149108303049
1294,0.9972606866465769
1295,1.0017269673186282
1296,0.9993129465155668
1297,0.9995986204383603
1298,0.9923019939397196
1299,1.0053638255398734
1300,0.9970443567299806
1301,1.0049247745851362
1302,0.9953592448718199
1303,1.0033846095211587
1304,0.9998590150639044
1305,0.997599448449806
1306,1.0040725668888
1307,1.0001529653962051
1308,0.9974133341037565
1309,0.9968925757052811
1310,1.004067188346275
1311,1.0065828266302193
1312,0.9933026940005739
1313,1.0004440357403925
1314,0.9987100591321896
1315,1.0013773415336291
1316,1.0005620774293433
1317,0.9982147917363298
1318,1.0029989951573701
1319,0.9976516967480782
1320,0.9939524865790238
1321,1.0068406486193684
1322,1.0041290354792776
1323,0.9960025084276976
1324,0.9981105748218997
1325,0.9965750585648046
1326,1.005126730376304
1327,1.0008444197440063
1328,0.9987930875822842
1329,1.0008032619617486
1330,0.998835037905228
1331,0.999891281542038
1332,1.0038006053684119
1333,1.0003050167897025
1334,0.99734173640371
1335,0.9981031938575461
1336,1.0022727353890712
1337,0.9969008732986566
1338,0.9949738024811791
1339,1.0129259214060524
1340,0.9954578002363811
1341,1.0014606542151205
1342,0.9986277150759064
1343,0.9990143328666387
1344,0.9979269142465742
1345,1.0048365445604286
1346,0.9969208435525692
1347,1.0024921089168248
1348,1.0039230206951897
1349,0.993942964049253
1350,0.9951337211984513
1351,1.005793970874036
1352,1.0012602679783003
1353,0.9983378311402399
1354,0.9984993533653016
1355,1.0032293274718793
1356,0.9976543131272091
1357,0.9994741919651194
1358,0.9995526729677127
1359,1.004788375311849
1360,0.9971726045230263
1361,0.9943483125297845
1362,1.0039488360200899
1363,0.999328755203832
1364,1.0064569412850923
1365,0.9930062215182333
1366,1.0011002652046155
1367,1.0001194734990062
1368,1.0048065796645913
1369,0.9951419529883013
1370,1.0004895704854317
1371,0.9973910098263882
1372,1.0021342520760914
1373,0.9938105523912368
1374,1.0128730021213534
1375,0.9927901555188318
1376,1.002534107401019
1377,0.9978837542023505
1378,1.0048973276516304
1379,0.9931922045496352
1380,1.0013390883127975
1381,1.0018069379434797
1382,0.997831294122881
1383,0.9949922769950833
1384,0.9998275133673549
1385,1.0079885032854567
1386,0.9949815111200396
1387,1.0104742449919877
1388,0.9932583677670137
1389,0.9938772349837687
1390,1.0061676671761928
1391,0.9981584762511296
1392,0.9981320935989069
1393,1.004228705627505
1394,1.0020472717368218
1395,1.0010559817896199
1396,0.9947426315520673
1397,1.0045202088899083
1398,1.0009765888063324
1399,0.9983444662719341
1400,0.9965735444013056
1401,1.0006783651767843
1402,1.0000121393962904
1403,1.0016320173521003
1404,1.0016705037947027
1405,0.9983017363513166
1406,1.001105447434081
1407,0.9975039661416972
1408,1.0004344059412011
1409,0.9984965663547928
1410,1.0014343023920778
1411,0.9968523236925794
1412,1.0035409035346006
1413,1.0005097973409078
1414,0.9967027538712846
1415,1.001576281042666
1416,0.9976532886833981
1417,1.0043158435232684
1418,0.9973722069029525
1419,1.0021951011885706
1420,0.9979947904791883
1421,1.0021787874230093
1422,1.0009648232844863
1423,0.9963116059316796
1424,1.0029534693575493
1425,0.9955424438480979
1426,1.003563258153911
1427,0.9982763922317156
1428,1.008748642557023
1429,0.9925549525218366
1430,1.0017944570354906
1431,0.9971552720832625
1432,1.0024386493418458
1433,1.0032910575188891
1434,0.9946783407390741
1435,1.0013458834092417
1436,0.9988596415461761
1437,0.9955220736160254
1438,1.0041479802377915
1439,0.9966660059970007
1440,1.010402157726591
1441,0.9879102997156666
1442,1.0024143487740944
1443,1.0002875263732227
1444,1.0024229613621298
1445,1.0016413994639548
1446,0.999282820023841
1447,0.9992051610035508
1448,0.9952768122601597
1449,1.0026073918816452
1450,1.0011916839525525
1451,1.0036604601729644
1452,0.9993303731551533
1453,1.004621388227278
1454,0.9893633307612196
1455,1.0065523006267807
1456,0.9966747190822085
1457,1.0022227793821687
1458,0.9979410299782543
1459,1.0004658697417375
1460,0.9999578228196745
1461,1.000331174022587
1462,1.0004033244026207
1463,0.9981408936902387
1464,1.0032796871385323
1465,1.00146519281171
1466,0.9976727077952312
1467,0.992969687206162
1468,1.002595008965394
1469,1.0041336324495198
1470,1.0016937177514071
1471,0.9963142229756526
1472,1.0035876708958347
1473,0.9991950376093488
1474,0.9978014457926854
1475,1.0028630000276249
1476,0.9920625571267222
1477,1.0068503820739951
1478,1.0023807940985854
1479,0.995544161036061
1480,1.0003502194384764
1481,1.0027284333603268
1482,0.9964790780561946
1483,0.9996662778662951
1484,0.9963048089942403
1485,1.0051565390792363
1486,0.9971033247359299
1487,1.004665011297127
1488,0.9955348203847613
1489,1.0050967544414593
1490,0.9986190249664681
1491,1.0009769035307867
1492,1.0039153933451215
1493,0.9946233576837533
1494,0.998987842810542
1495,1.0020188139750987
1496,0.9973678452461874
1497,0.9985539318092347
1498,1.0020007661071133
1499,1.0018462240643329
1500,0.9981642961066283
1501,0.9958874641290458
1502,1.0055333442408112
1503,1.0002202640759132
1504,0.9963302509524099
1505,1.0027187063783842
1506,1.0048013689312414
1507,0.9937672987873288
1508,1.0050823052333424
1509,0.997402834288252
1510,1.0034609520909892
1511,1.000142273530891
1512,0.9957474466315246
1513,1.0016760112694532
1514,0.9990714903800684
1515,0.9957003743947602
1516,1.0041393429825736
1517,1.0005899882295182
1518,0.9993049876463579
1519,0.9992529406185864
1520,1.0032385803221444
1521,0.9990390204362476
1522,0.9968832174510326
1523,1.005542562149953
1524,0.9945884958310575
1525,1.00292285350084
1526,0.9985899064254153
1527,0.9990104701070137
1528,0.9985410028119007
1529,0.9995704512966181
1530,1.0028557804782288
1531,0.9957349592514142
1532,1.0074425472240383
1533,0.9955407672702757
1534,0.9996644579309292
1535,1.0017922631205218
1536,1.0039052585260928
1537,0.9971965428269093
1538,0.9994877401287624
1539,0.9976578982629869
1540,1.0012217358186597
1541,1.0071731161158426
1542,0.9913763054730222
1543,0.9994647455194381
1544,0.9991586130251846
1545,0.9985959213041506
1546,1.003931560659583
1547,0.9997666886021931
1548,1.0004360473537943
1549,0.999208127918509
1550,1.0015843545137846
1551,0.9981140331271556
1552,0.9987413442626757
1553,0.9984244727894728
1554,1.0088146136190648
1555,0.9939747998228393
1556,1.0027588382120287
1557,0.9948424378266307
1558,1.00277463467685
1559,1.0069029571637451
1560,0.9955956337955378
1561,0.9962664661882779
1562,1.0016624572146227
1563,1.0009677081049448
1564,0.9995448294269852
1565,1.0040008432580523
1566,0.9956119715687226
1567,1.000995871847436
1568,1.004151835895713
1569,0.9945108556848581
1570,0.9957488646972542
1571,1.0071312498710816
1572,0.9970081155551801
1573,1.0007449025840236
1574,1.0013468242028376
1575,0.9988767533602997
1576,1.0007644465364973
1577,0.9980353208127944
1578,1.0008318415709045
1579,1.0039245737710896
1580,0.998233279551685
1581,0.9991502637098612
1582,1.0012798030111114
1583,0.9999317142550562
1584,1.001480907836925
1585,0.9933126687724223
1586,1.0032190026883279
1587,1.0000162637714585
1588,1.0023043755003245
1589,0.9956161256287082
1590,1.0010785912925089
1591,0.998871403677926
1592,1.0019853433336778
1593,0.996837062348536
1594,0.9968543956756685
1595,1.0018267581935552
1596,1.005307186359145
1597,0.9967279221252738
1598,1.0005382715464206
1599,1.0044605180139683
1600,0.9980588564980788
1601,0.9991365863867664
1602,1.001386884703288
1603,0.9977652056193748
1604,0.9963513462296074
1605,0.9985653772197909
1606,1.0062043096451967
1607,0.9970319690698697
1608,1.0040344753803432
1609,1.0030731343171855
1610,0.9930971786305621
1611,1.0040369920548813
1612,1.0009435384892327
1613,0.9979091650573426
1614,1.00197848952597
1615,0.9940610743217042
1616,1.003543320115674
1617,1.0031273248363575
1618,1.0018213710040536
1619,0.9963231723236752
1620,0.9994816246727132
1621,0.9971873489528813
1622,1.0031510416590066
1623,0.9947736817189468
1624,1.0010330211498972
1625,1.0059550040464165
1626,0.9972799424782174
1627,0.9995003656858557
1628,1.001385891533969
1629,1.0009798895058424
1630,1.0020503552331386
1631,0.9956947061987461
1632,1.0019209257731199
1633,0.9975866888136208
1634,1.00149589179189
1635,1.0022530108431746
1636,0.9980660101698853
1637,0.999049658290218
1638,0.9970270714348635
1639,1.002242628098084
1640,0.9961071644529139
1641,1.0062320761492334
1642,0.9956429429623623
1643,1.0075222774220478
1644,0.9972785042604333
1645,0.9932549261052745
1646,1.0033967950496487
1647,1.0036226901897904
1648,1.0005770447181996
1649,0.9986692255895765
1650,0.9984535410346319
1651,0.998564573234563
1652,1.0027392204760226
1653,0.9986441189973472
1654,1.002889267858588
1655,0.9966945650308235
1656,1.0024218329814156
1657,0.998817559408196
1658,0.9987692962985144
1659,1.0062562285834369
1660,0.9936372027961374
1661,0.9996567707558403
1662,1.0011424618912215
1663,1.0020741762132555
1664,0.9975393483055309
1665,1.0002924382948872
1666,0.999736849349414
1667,0.9984912298552973
1668,0.9975421663293796
1669,1.0102002201605842
1670,0.9921019523788907
1671,1.0016094162653035
1672,1.0012627170881105
1673,0.9982592356056007
1674,1.0033447317918558
1675,0.9971308892923098
1676,1.002761243851391
1677,0.9967433025098472
1678,1.00095600831927
1679,0.9970142926858441
1680,0.9997761267177818
1681,0.9990923706157054
1682,0.9987416225243066
1683,1.0016852803312206
1684,1.0015896516843281
1685,1.002071175303132
1686,0.996076652057143
1687,1.0088461779225812
1688,0.989916888340301
1689,1.0077962258083852
1690,0.9965654099410034
1691,1.0022582005844836
1692,1.0020334658505787
1693,0.9960669288473725
1694,0.9996483828243482
1695,0.9981756217736039
1696,1.0081202905563786
1697,0.9907448501768714
1698,1.0022256540953633
1699,1.001527300406381
1700,0.9993179004925816
1701,0.9992330343266707
1702,1.0021379141391331
1703,1.0039707179238033
1704,0.9945828509239868
1705,1.0019471629927308
1706,1.0012610248989748
1707,0.9991370830089257
1708,0.9985269635132422
1709,0.995639154016207
1710,1.005120270876454
1711,0.9976451632103068
1712,0.9988571119648311
1713,1.0045773523570491
1714,0.9942118193124749
1715,1.0036935859520424
1716,1.001517149495346
1717,1.0015364782168483
1718,0.9971749281979274
1719,0.9978869637391559
1720,1.0011831571798389
1721,1.0027664535508507
1722,0.9917098974747967
1723,1.0019972878526817
1724,1.0062333322424215
1725,0.9985446166888131
1726,1.0022333453033498
1727,0.9986746124682551
1728,1.0008384242281674
1729,0.9983619823608115
1730,0.9992097490600155
1731,1.0024306084264532
1732,0.9984489083338116
1733,0.9988046109960703
1734,1.0027314991225635
1735,0.9967136929472996
1736,1.0025436665665064
1737,1.0030413652442451
1738,0.9941020332687289
1739,1.0001001695234186
1740,0.9961223934946413
1741,1.0020114194767635
1742,1.005213609824693
1743,0.9953219727292199
1744,1.002217764348662
1745,0.997580375689583
1746,1.0073794712663011
1747,0.9961547768437307
1748,0.9987343878585306
1749,0.9987341189063295
1750,1.001040096771246
1751,0.9997640066164675
1752,0.9997594513578724
1753,1.0004446485301395
1754,1.0002243736426188
1755,1.000513968761722
1756,0.999876821409274
1757,1.0011208148546111
1758,0.9988492925157212
1759,0.9992562248543676
1760,1.0059973542403404
1761,0.9906121659150323
1762,1.004562457737786
1763,0.9982417642062315
1764,0.9992003567399613
1765,1.0027651546500251
1766,0.9981619552065671
1767,0.9957929365878999
1768,1.0094788428898345
1769,0.9955369192334591
1770,0.9984734426547623
1771,1.0036480285443035
1772,0.9980255951145162
1773,0.9956281796907155
1774,1.0064072974568234
1775,0.995781919567522
1776,1.0051507611731478
1777,0.9980836984737024
1778,0.998946692135561
1779,1.002112659659759
1780,0.9982451667014922
1781,1.0008643627068823
1782,0.9999389007898443
1783,0.9985282343187787
1784,0.997784895106309
1785,1.0013700892550585
1786,1.0010698850484645
1787,1.001044798038957
1788,1.0023576209031988
1789,0.9972635897056059
1790,1.0001427600290147
1791,1.0017496001105848
1792,1.000688633106385
1793,0.9971935889539164
1794,1.000495547791154
1795,1.0030066925200523
1796,0.996490653624814
1797,0.9994467843421481
1798,1.0004612875131589
1799,0.9985077497125543
1800,1.0010443829631142
1801,1.0009449204491423
1802,0.9985074540568665
1803,1.00052222184347
1804,1.0028779426306604
1805,0.997597783831688
1806,0.9986014233093568
1807,1.0041546850291176
1808,0.9977848474750788
1809,0.9989679959771244
1810,1.0018754586656773
1811,0.9983571278515131
1812,0.9993192796113145
1813,1.001199368259099
1814,0.9958981710179665
1815,1.0026087623349405
1816,1.002807475707202
1817,0.996083401366969
1818,1.001882817568904
1819,1.0012812421838668
1820,1.0014053812335175
1821,1.0009335156053116
1822,0.9940267576122451
1823,1.0070085623795582
1824,0.9945536763125498
1825,1.001563972342487
1826,1.0041599379668462
1827,0.9936735712641742
1828,1.0028206930566637
1829,0.9988903145128414
1830,0.9996774714341845
1831,0.9968702508695625
1832,1.0061403953506802
1833,0.9966882393039815
1834,1.0037802847219464
1835,1.0017027893842412
1836,0.9942790988885752
1837,0.9975119580212942
1838,1.0018222073944458
1839,0.9979461329223454
1840,1.0027804905017645
1841,0.9984070006149529
1842,1.0021735739202025
1843,0.9956883848911312
1844,1.0053691698951601
1845,0.9974024762499069
1846,1.0010587140669478
1847,1.0008549489225835
1848,0.9974587193148793
1849,1.001583155946783
1850,0.99578231007202
1851,1.0062096381792967
1852,0.997503824105473
1853,1.0007094869434918
1854,1.000656243476182
1855,1.0007852435111615
1856,0.9981031658026943
1857,1.0025793223064712
1858,0.9996864375772598
1859,1.0000568408038906
1860,1.0027287471750965
1861,0.996409871978982
1862,0.999418360112749
1863,0.9995573200961261
1864,1.003020393041458
1865,0.9939536679701069
1866,1.0036593941721725
1867,0.9999723768332502
1868,1.0002273231380032
1869,1.0015351605230927
1870,0.9988560862568504
1871,0.9974680130948022
1872,1.00369399330954
1873,0.9993049596623366
1874,1.0027103836729725
1875,0.9963086258353563
1876,1.0000971215321963
1877,0.9999123380692954
1878,1.0001180972626924
1879,0.9960229303586642
1880,1.002114000842936
1881,1.002875706289863
1882,0.9988790193195473
1883,0.999681684001107
1884,0.9979856401234126
1885,1.0026207677914996
1886,1.0030341723809875
1887,0.9954480827609816
1888,1.000238780164144
1889,0.9974179104946923
1890,1.0040043306491093
1891,0.9983320038675811
1892,0.9999724389765542
1893,1.0006576244677468
1894,0.9971448958305248
1895,1.0041677928408936
1896,0.9955274414594444
1897,1.0027757329662006
1898,1.0014599929317716
1899,1.004882623479004
1900,0.9948570324040543
1901,1.0005147549282447
1902,1.002535153012204
1903,0.9974847557544074
1904,0.9957879837838193
1905,1.0044222186245308
1906,1.0007438318599102
1907,0.9974595514487077
1908,1.00200796313166
1909,1.0018192935956236
1910,0.9928904530222589
1911,1.0043268417861002
1912,1.0015076165536596
1913,1.0014497473784723
1914,1.0017398026623083
1915,1.000013214208485
1916,0.9938938023571972
1917,1.000184168362608
1918,1.0001352971692783
1919,1.0003856804397822
1920,1.0045297353048133
1921,0.9991278004021089
1922,0.9998437080385235
1923,0.9998463297886185
1924,0.994123994675033
1925,0.9993153723660371
1926,1.002809529139299
1927,1.000454732422497
1928,1.0007268794841604
1929,1.0036033403300035
1930,0.993687713331351
1931,1.0015047979334188
1932,0.9980608209551086
1933,1.002563387973003
1934,1.0018363553912824
1935,1.0005277778661852
1936,0.9973969589027013
1937,0.9995220313078905
1938,1.0058635564107827
1939,0.9957660371761111
1940,0.9952959648299942
1941,1.0015155797048967
1942,1.003011602003622
1943,1.0042143957145444
1944,0.9957021644769568
1945,0.997326514201186
1946,1.0029561756300225
1947,1.0004300220457714
1948,0.9975169852713134
1949,1.001807156943089
1950,1.0001020609275857
1951,1.0033412596418634
1952,0.9928734345521333
1953,1.003574632051671
1954,0.9960563976680255
1955,1.0038059574039593
1956,1.0019887802795526
1957,0.997578757222964
1958,0.9975062570076644
1959,1.0027847370510787
1960,1.0033972928284023
1961,0.9958615049555747
1962,0.999507724404485
1963,1.001394942896555
1964,0.9982076018689006
1965,1.0008782499672
1966,1.0020084005690504
1967,0.9987946015552583
1968,0.9978219731006186
1969,1.0021148026650941
1970,1.0014936182269587
1971,0.9989118056209948
1972,0.9978797977888869
1973,1.000622979984834
1974,0.9977966962937792
1975,1.0032181194788452
1976,0.9987231390348364
1977,0.9983383853769279
1978,1.0071940675394284
1979,1.001238193166772
1980,0.9967544349605705
1981,0.9984748817442634
1982,1.0006152870426641
1983,1.0005747138676457
1984,1.0000699279774001
1985,0.9978777157185491
1986,1.0005917655056504
1987,1.0006542889250831
1988,0.9992708313071831
1989,0.9941744419344369
1990,1.007540565852794
1991,0.9969171375075007
1992,0.9982733162797244
1993,1.0020372337658179
1994,0.9989942131636904
1995,1.0010067433229763
1996,1.0012699490167898
1997,0.9999921014678858
1998,0.9992609324299602
1999,1.0037942835200444
2000,0.996340357184654
2001,0.9972861529277616
2002,0.999944522892142
2003,1.0037600633402977
2004,0.9989941505346629
2005,1.0003199483580274
2006,0.9991748227804512
2007,1.0002681683329089
2008,0.9966789949538389
2009,1.0052936782313038
2010,0.999092181181296
2011,0.9989973373615552
2012,0.9975058366421047
2013,0.9989767315383656
2014,1.0000338488303668
2015,1.000173323863951
2016,1.0065234379479073
2017,1.0010000080813297
2018,0.9991521179679528
2019,0.998524975215311
2020,1.0003170108664794
2021,0.9994763154274219
2022,0.9997541055745526
2023,0.9981938431241637
2024,1.0039221160047347
2025,0.9961154856332234
2026,0.9983866775772762
2027,0.998813180606008
2028,1.0030520821318567
2029,0.9968197303552753
2030,1.0059338082452325
2031,0.9977423518138717
2032,0.9972318464912587
2033,1.0028015375810049
2034,0.9989167142662247
2035,1.0030391200596669
2036,0.9973906914345295
2037,1.00296290249167
2038,0.9977397041085954
2039,0.9978487473598793
2040,1.0016884520089206
2041,0.9989104983106751
2042,1.0012245727649314
2043,1.0033409639816522
2044,0.9949435741029823
2045,1.0024615956100023
2046,1.0012499021140902
2047,0.998168892767221
2048,1.0019814457565646
2049,0.997035508345873
2050,1.000085749964959
2051,1.0032287772130326
2052,0.9952890676453505
2053,1.002207287382779
2054,1.0032786426386155
2055,0.9964753998225444
2056,1.0011516086642627
2057,1.0003292250301254
2058,0.9962605509043854
2059,1.0044804535032434
2060,0.9944214104058492
2061,1.0034903728410491
2062,1.0008402355651844
2063,1.0019761897306965
2064,0.9969628485989229
2065,0.9986042025566276
2066,1.0060130104317804
2067,0.9954153250298372
2068,1.0040664216425996
2069,0.9982861920610404
2070,0.9981963578971781
2071,0.9948863081406226
2072,1.00478758057526
2073,0.999155087332282
2074,1.0015840014730237
2075,0.9974816260175647
2076,1.0008541015933763
2077,0.9980792542063528
2078,1.000389568542928
2079,1.0000118588517932
2080,1.006957291806294
2081,0.9998656361647886
2082,1.0004312658953207
2083,0.9973120743412226
2084,0.9997119084193444
2085,0.9984313354794961
2086,0.9996809375258923
2087,1.0025786026586678
2088,0.9964630687003826
2089,1.0009775489880934
2090,1.000091935567439
2091,1.0014298968665396
2092,0.9963121782142064
2093,0.9993576606886011
2094,1.0000050753915828
2095,1.0037090565587434
2096,0.9972815845539881
2097,1.001278070037952
2098,1.000895711616304
2099,1.0036896866320368
2100,0.9972433407349746
2101,0.9971916034257567
2102,1.002662641989206
2103,0.99982684876242
2104,0.9989664072779354
2105,1.0026076917062543
2106,0.9936684078416874
2107,1.0010691590923382
2108,0.9997868105523449
2109,1.0036992604459976
2110,0.9994401582575831
2111,1.0009922529407151
2112,0.998054807057073
2113,1.0013614083803957
2114,0.9993810971800522
2115,1.0000869222373894
2116,1.0001315672339928
2117,1.004032522414444
2118,0.9949936545774247
2119,1.0032239166001071
2120,0.9963197861434464
2121,0.9981553667331302
2122,1.0036459488435316
2123,0.9997008188320454
2124,1.0016107767658957
2125,0.9992688488122219
2126,0.9997117994066917
2127,0.997820442491921
2128,1.0017078857214974
2129,1.0019190534859403
2130,1.0003529081971125
2131,0.9964406926819396
2132,0.9970744127813874
2133,1.0053346756025825
2134,0.9981337697989479
2135,1.0004229208502893
2136,1.0039944992718162
2137,0.9964956332001323
2138,0.9999489118217025
2139,0.9997481093131488
2140,0.9977917841360254
2141,1.0009739607027752
2142,1.0015076885610408
2143,1.0027883185888622
2144,0.992716225510212
2145,1.0032168424178534
2146,0.9981920559936295
2147,1.0028585539709212
2148,1.0015968206491739
2149,0.9987899757356413
2150,1.0022269350659654
2151,1.0009002559963545
2152,0.9951652386238369
2153,1.001277168154143
2154,1.0026733171794378
2155,0.9984838270712393
2156,0.9977988189281656
2157,1.002119665886677
2158,0.9970274716749259
2159,1.0022772274996912
2160,0.9969163590929286
2161,1.0032651889368216
2162,0.9983599186580591
2163,1.00032013672519
2164,1.0013966825165475
2165,1.0019329890131585
2166,0.9937071238105607
2167,1.0036995684933245
2168,0.9999075508540578
2169,0.999386187142638
2170,0.9975232752610167
2171,1.0003396790974604
2172,1.0053883458149981
2173,1.0001587995019106
2174,1.0001705018918035
2175,1.0007381677148754
2176,0.9960514871679261
2177,0.99965938827736
2178,0.9998128441297534
2179,0.9998305447099557
2180,1.0058925135363244
2181,0.9996029758556313
2182,0.9983782484097883
2183,0.9985004690410684
2184,0.9967831007615835
2185,1.0046568585683047
2186,0.9949314996567968
2187,1.002505426331045
2188,0.9997541515887843
2189,0.9998702932627581
2190,0.9973710574732909
2191,1.0050987889065377
2192,0.9969854500965577
2193,1.0006638963937131
2194,0.9975544303975457
2195,1.0034668242042284
2196,1.0033103344853433
2197,0.9961012197668146
2198,1.0003132164285362
2199,0.9996703295466023
2200,0.9965035841184555
2201,1.003873712893065
2202,0.9986301724638074
2203,0.999466311194527
2204,1.000398160564
2205,1.0015302096100487
2206,1.0034027096836982
2207,0.9965883736866759
2208,0.9988006635734312
2209,0.9978406437606641
2210,1.0028126145871883
2211,1.0014409552573953
2212,0.9980806943561439
2213,1.000290710736481
2214,1.0015233822785268
2215,0.9961991915805464
2216,1.0018265917284428
2217,0.9995730527314376
2218,1.0024497924682194
2219,0.9979033414457099
2220,1.001494995049322
2221,0.9996294287007552
2222,0.99675760235062
2223,1.0024469502006697
2224,0.9990224672062785
2225,1.0029541866252412
2226,0.9991213295407172
2227,0.9947018245547868
2228,1.0057478970053086
2229,0.9969096747547838
2230,1.0012256293391402
2231,1.0008283667124964
2232,0.9979216931180318
2233,1.0019241327005726
2234,1.000139381368187
2235,1.001680832984104
2236,0.998820366172449
2237,0.9991435363825875
2238,1.0012851732269366
2239,1.0003520406026472
2240,0.9998028844074162
2241,1.000121061262938
2242,0.9983137691756158
2243,0.9973944580219518
2244,0.9997483984592066
2245,1.0032505584848843
2246,1.0003589155872024
2247,0.9993690820465029
2248,0.9983453659516052
2249,1.0019181161173845
2250,1.0021262635625163
2251,0.9979718762266507
2252,1.0022232225697143
2253,0.9960749941077632
2254,0.9987150501967503
2255,1.003579076309035
2256,1.0007657029719255
2257,0.9956027653386659
2258,1.0020679763544122
2259,0.999669446398433
2260,1.004730838027327
2261,0.9984101712148287
2262,0.9977646114652653
2263,1.0003482502679164
2264,0.9998270897127869
2265,1.0008078978397845
2266,0.9991515726352335
2267,1.000518397871132
2268,1.000434698364322
2269,0.9985505410558113
2270,0.9977005845100846
2271,1.0058195775529413
2272,0.9973702510004914
2273,0.9998216460159128
2274,0.9997493560651357
2275,0.999334438216292
2276,1.0006793882628162
2277,0.9991405403801791
2278,0.9991454268072663
2279,0.9975764833471955
2280,1.0072430984196525
2281,0.9944821614211143
2282,1.002560293843739
2283,1.0039717148992664
2284,0.9941401633369328
2285,1.0057755111572904
2286,0.9949045970317085
2287,1.001955090231464
2288,1.0018778467859832
2289,0.9974910462299087
2290,1.0018238403162651
2291,0.9967577579635126
2292,1.0024471992197892
2293,0.9988715239038456
2294,1.0014980969169511
2295,0.998932036482109
2296,0.9992786131743431
2297,1.0002087479851127
2298,0.9989352150409683
2299,1.004620501786321
2300,0.9942040193457634
2301,1.001917905102071
2302,0.9996619672362984
2303,0.9996971894482932
2304,1.00096540470028
2305,0.9993749181476396
2306,1.0002958146847467
2307,0.9984755187346189
2308,1.0058909103492288
2309,0.9963863577543499
2310,0.9993203801685925
2311,0.9999591359364915
2312,1.0006799997968499
2313,0.9994196656189201
2314,1.0002865731998412
2315,1.0016087197126289
2316,0.9970538938133354
2317,1.001721698301387
2318,0.9994550965247491
2319,0.9976930969864898
2320,1.003893335325921
2321,0.9973809813063236
2322,1.0020469612417346
2323,0.9993633030096126
2324,1.0037054760232984
2325,0.9935990217289116
2326,1.0022380327275702
2327,0.9984862023811883
2328,1.0017252043576432
2329,0.999599690890929
2330,1.0007028109735905
2331,1.0000624560767233
2332,0.9975630995055565
2333,1.0048482991881142
2334,0.9966712820241064
2335,1.001074240038301
2336,1.003088315777232
2337,0.9927775358717377
2338,0.999840975914413
2339,1.0040229461451022
2340,0.9997028170021809
2341,0.9995720035512128
2342,1.0002498202555592
2343,0.9974650579047307
2344,1.0048542663219941
2345,0.9985543299557921
2346,1.0022167319392306
2347,0.9945549610885412
2348,1.0019404894669586
2349,0.9998849506425312
2350,1.0014375158080253
2351,0.9968794535481611
2352,1.001690134571729
2353,1.0023014150182175
2354,0.9960905564795213
2355,1.0024903766098916
2356,0.9983046402846985
2357,1.0006345606819937
2358,0.9978083275497528
2359,1.0021120699793702
2360,1.0012843579329556
2361,1.0016807294007988
2362,0.9981431837102397
2363,0.9996910442940379
2364,1.0017884931962018
2365,0.9982532513043463
2366,0.9987222067708906
2367,1.0003941515184895
2368,1.0019967751630492
2369,0.9982973361617704
2370,1.0007590297119717
2371,0.9992595944396878
2372,1.001926045510876
2373,0.999349683236148
2374,1.0010644582692403
2375,0.998307926076283
2376,0.9997846331925876
2377,0.9973140397640687
2378,1.0019904145166114
2379,1.0011502966301977
2380,1.0011247543307134
2381,0.9995202776964095
2382,0.9976419153250409
2383,1.0008408939865734
2384,1.0010720076433823
2385,1.0002178897662728
2386,0.9966785289267412
2387,1.0012439908877018
2388,0.9983797820984824
2389,1.0028829033950384
2390,1.0006701684141375
2391,0.9995523194301988
2392,0.9964857981239603
2393,1.0057289772434623
2394,0.9975492182427922
2395,0.9991826567728554
2396,1.000791653961707
2397,0.9996575676124164
2398,1.003329380617572
2399,0.9949953919800633
2400,1.0052508660911037
2401,0.9946473830371331
2402,0.9996254098905649
2403,1.0016651339701297
2404,0.9997440724054064
2405,1.0016247129696454
2406,1.0005370454352136
2407,0.9996933201944704
2408,0.9983760373326154
2409,1.0008971474368733
2410,1.0018484121863394
2411,1.0021587010033726
2412,0.9959631405527318
2413,1.0003589538683664
2414,0.9999324046496715
2415,0.9991856809096774
2416,1.0019982920000754
2417,0.995939810580905
2418,1.0019468636171582
2419,1.0022558941138542
2420,0.9987703982696523
2421,1.0015385287539857
2422,0.9977846616310381
2423,0.9989179314795185
2424,1.0008917994201452
2425,1.0010000112673645
2426,0.9992319110044244
2427,1.0041203728373929
2428,0.995845055085418
2429,1.0003726275411464
2430,1.0001590571783965
2431,0.9997865109498096
2432,1.0016624361592659
2433,0.9986069333571062
2434,0.9992826597642753
2435,0.9983138473715419
2436,1.0011865505205333
2437,1.0050590833576178
2438,0.9948868387115395
2439,1.0017052531219501
2440,0.9997937337034363
2441,0.9971093782803804
2442,1.0039205320508
2443,0.9990333942034479
2444,0.9964948653542356
2445,1.0026554518847883
2446,0.9995319666798708
2447,1.0005054283606305
2448,1.000605738560145
2449,0.9998778565632143
2450,0.9964071098790358
2451,1.0037804986900287
2452,1.0034014361135053
2453,0.9937968194690876
2454,1.0025379312295826
2455,0.9987397932548872
2456,0.9973202174822903
2457,1.0045821751084325
2458,1.0001836773729698
2459,0.9993714573314668
2460,0.9987395752447954
2461,1.0011992387878317
2462,0.9990626584739095
2463,1.001301743328728
2464,0.9986700544612195
2465,1.0003956970889447
2466,1.0033662814435134
2467,0.9974445684059917
2468,1.0003924062964518
2469,0.999552606868954
2470,1.0014015688935576
2471,0.9941963875571145
2472,1.0001934495992024
2473,1.00281677852088
2474,0.9988853595002666
2475,0.9995904743849263
2476,1.0018876323749872
2477,0.9981613479886355
2478,1.0019205000463791
2479,1.0017422692950748
2480,0.9993647202530561
2481,0.9993450250496099
2482,1.0005909097085848
2483,1.0015896681708845
2484,0.9984923439872417
2485,0.9990880119930253
2486,1.0000810571522258
2487,1.000776940731274
2488,0.9973146114031531
2489,1.000930390273352
2490,1.0021090392676966
2491,1.0003894197099636
2492,1.0012502845278604
2493,0.9959291861184774
2494,1.0014776595064994
2495,0.9987695598044606
2496,1.0016066096381069
2497,0.9995453216328513
2498,0.9985741671540793
2499,1.0039387891838039
2500,0.9947611039260122
2501,0.9991951716722949
2502,1.0053269562939977
2503,0.9987353936380803
2504,0.998307718034255
2505,0.9988959247898478
2506,1.0045200368577134
2507,0.9979145449956632
2508,0.9990429271180927
2509,1.0011639671656622
2510,0.997822559156913
2511,1.0043791393076977
2512,0.9959878805462663
2513,0.9997123331059471
2514,1.001144372835952
2515,0.999797112326321
2516,1.002144263356017
2517,0.9971856898933273
2518,1.0027623306740745
2519,0.9985074857698272
2520,1.0003806212005069
2521,0.9971263777052041
2522,1.0027705577586898
2523,0.9997277560685012
2524,1.0002279418906008
2525,0.9970688160813295
2526,1.0030615187848033
2527,1.0035168232394742
2528,0.9976253701757148
2529,0.9987182680261056
2530,0.9968936879334362
2531,1.0023330193392792
2532,1.0020090797222756
2533,0.9990667057185549
2534,0.9974874938045647
2535,1.0027946745340828
2536,1.0024095412988536
2537,0.9966087271561901
2538,1.0015269621976566
2539,0.9968223688181234
2540,1.0021599645885515
2541,0.9965673148240476
2542,1.0021197478874282
2543,0.9998032427704995
2544,1.0017192508100081
2545,0.9998870264600531
2546,0.9987145471322817
2547,1.0002588115395934
2548,1.000482233702766
2549,0.998308073296598
2550,0.9988989501180833
2551,1.0017487518815822
2552,0.9998498109185935
2553,1.0011141437707916
2554,1.0007212453605394
2555,1.0008144262312004
2556,0.9980001370711519
2557,1.0003992547712774
2558,1.0010199328360623
2559,1.0004572662601532
2560,0.9983853182426019
2561,0.9998467776990009
2562,1.0017647342008797
2563,1.0012336156133206
2564,0.9961218532677035
2565,1.005880035184437
2566,0.9947347915783414
2567,0.9991187895188718
2568,1.0022885556574308
2569,0.9995970156535935
2570,1.0001711031933305
2571,0.9990014431968349
2572,1.0022298948558623
2573,0.9995976934992422
2574,1.0001186713271775
2575,1.0012418042527622
2576,0.9971332698154194
2577,1.0005105665517129
2578,1.0006564003981708
2579,0.9976005189890434
2580,1.002981473603035
2581,1.000383837167812
2582,1.0000620342709534
2583,0.9981237547300791
2584,1.003283360487307
2585,0.9956301226048822
2586,1.0016530926621672
2587,1.0004628301496015
2588,0.9987064621894368
2589,1.002490418862546
2590,0.9973801491823528
2591,0.9990867753388695
2592,1.0013690453356
2593,0.9993220829930045
2594,1.0042202884897784
2595,0.9975862597651197
2596,0.9986466965487389
2597,1.001247851924932
2598,1.0007429001196095
2599,0.9981591223423477
2600,1.0006816766504156
2601,0.9991839356473488
2602,0.9990635568346556
2603,1.002294080423398
2604,0.9997963225562534
2605,0.9986483656821664
2606,1.002748161129705
2607,0.995720645097977
2608,1.004451312931686
2609,0.9995202901377218
2610,0.9972293056643488
2611,1.0011974773570993
2612,1.000530577764798
2613,0.9986787163769132
2614,1.0026664417451117
2615,0.9978613037714916
2616,1.0002639533725748
2617,1.0015239075338205
2618,0.9985413838835917
2619,1.0027828352765211
2620,0.9963814833284498
2621,1.0011163098509834
2622,0.9997721762061881
2623,1.0010812407992777
2624,1.000337378972494
2625,0.9992972559832607
2626,0.9997040954947433
2627,0.9984376228574499
2628,1.0023504318653527
2629,0.9986573282482799
2630,0.9979189773242133
2631,1.0029609927929253
2632,0.9974893643531364
2633,1.0018243421098456
2634,0.9991012266404443
2635,0.9987711320026897
2636,1.0021350525756556
2637,1.0004467724647592
2638,1.0001284565155188
2639,0.9983036833208014
2640,0.9978865634561105
2641,1.004364347164448
2642,1.0013714818676283
2643,0.9959413138386576
2644,1.0014088965632548
2645,0.9977406721818822
2646,1.0010640201678571
2647,1.0010434504796952
2648,0.9973559776232838
2649,1.0041160447840942
2650,0.9986993178724038
2651,1.0002320906049103
2652,0.9985864263952592
2653,1.0039694079303638
2654,0.9945317205085287
2655,1.0060915496581682
2656,0.9945311005646402
2657,1.0004852592029445
2658,1.001495048600865
2659,0.9985251435421975
2660,1.0022463170104494
2661,0.9995878270063496
2662,0.9996678135939994
2663,1.0022077120536972
2664,0.9977921797488931
2665,0.9985237828639679
2666,0.9991154219848973
2667,1.0059617156356921
2668,0.9955777801353141
2669,1.0009547365091038
2670,0.9989755830198337
2671,1.0021747714410674
2672,1.000917295046695
2673,0.9979102846526526
2674,0.9994181161562296
2675,0.9977692085336274
2676,1.004338938264628
2677,0.9970314402126579
2678,0.9978160390171665
2679,1.001482730564119
2680,1.0021931426895436
2681,1.001759257539835
2682,0.9982989696157187
2683,0.9999442281353861
2684,1.000991478714083
2685,0.999030175343256
2686,0.998776904315335
2687,1.0007940031183278
2688,0.999744460354473
2689,1.0012927380324346
2690,0.99929241696977
2691,0.9986192426891671
2692,0.9983821956327998
2693,0.9993420114292462
2694,1.0036931349330631
2695,1.0006510776376243
2696,0.9982455022832847
2697,0.9979082907147183
2698,1.0010040471864012
2699,1.0008282470645977
2700,1.0033422769515088
2701,0.9982386190577934
2702,0.9993643800937949
2703,1.0012059753571654
2704,0.997701323673956
2705,1.0029632858187796
2706,0.9982071806860515
2707,0.9979746087578428
2708,1.0025595801755318
2709,0.9995153821438799
2710,0.9988224048024397
2711,0.9986822667060028
2712,1.002221207166773
2713,0.9987022350742589
2714,1.0009781205308055
2715,1.0024959331068848
2716,0.9997564912374854
2717,1.0004295064691204
2718,1.0007328569203682
2719,0.9948569880482367
2720,1.0056928854369407
2721,0.9964577360806519
2722,0.9997175669801219
2723,1.0011835932514188
2724,0.9996493089457178
2725,0.9993212494384168
2726,1.001865178509266
2727,1.0020176549655835
2728,0.995938955288128
2729,0.9992772917335543
2730,1.000917070967388
2731,1.0028094733625745
2732,0.997216774167019
2733,0.9999324727976815
2734,1.0019678646956902
2735,0.9967220858358092
2736,1.0043237006654888
2737,0.9967240488225831
2738,1.0003063166893413
2739,0.9977803396150137
2740,1.0027682915412064
2741,0.9993633737532513
2742,0.997895675344584
2743,1.0023522331871584
2744,0.999825661161046
2745,1.000626478031755
2746,1.00280927259704
2747,0.9945549213911468
2748,1.0009295803856455
2749,1.0018501301383338
2750,0.9994065757731374
2751,0.999717858364447
2752,1.0007757488671691
2753,0.999740672997232
2754,0.999687356546136
2755,1.0013079964998446
2756,0.9961173501340311
2757,1.0026096343455828
2758,1.0009302740486825
2759,0.9995696549325339
2760,1.000799703656685
2761,0.9963741141021276
2762,1.001691108528653
2763,1.0020785542897466
2764,0.9981766588198913
2765,0.9998650208244456
2766,1.0019531544440734
2767,1.0005183849093013
2768,0.9979836982245527
2769,1.001641515390291
2770,0.99816155766689
2771,0.9986029482685225
2772,0.9990236782986962
2773,1.0026309910297337
2774,0.998810049119768
2775,1.0040120674783748
2776,0.9974877509974494
2777,1.0003415875077808
2778,0.9993047405699182
2779,1.0002509796889971
2780,0.9997279195250682
2781,0.9992127044337779
2782,1.0017216439737868
2783,0.9994964574872851
2784,0.9978796421326765
2785,1.0015592148924373
2786,0.9976574463770029
2787,1.0014641329194651
2788,1.0001304687031265
2789,1.0013138408655082
2790,1.001961931596645
2791,0.9983644647515119
2792,0.9988239117258082
2793,1.0017417935015076
2794,0.999102054415867
2795,1.0028729710317126
2796,0.9968967960982122
2797,0.997200836113161
2798,1.0010611522140258
2799,1.003143030631179
2800,0.9964802490083859
2801,1.0024344505728653
2802,0.9990805375865955
2803,0.9996961821876541
2804,1.0014746643950714
2805,0.9991079613822367
2806,1.0003957736903326
2807,0.9991230708725213
2808,0.999971604681963
2809,1.0001770000738281
2810,1.0039360421086632
2811,0.9963983809686447
2812,0.9979173164091052
2813,1.0032035180808905
2814,0.9982677035732515
2815,1.0026912109005526
2816,0.9999686165366988
2817,0.997679392494641
2818,1.0014450404343682
2819,0.997987507171848
2820,1.0006934696535286
2821,1.0041093482537309
2822,0.9961944464660996
2823,0.9993678387889773
2824,1.0009605709095728
2825,1.0002784783095375
2826,0.9996345855109288
2827,1.000373451677897
2828,0.997441660728613
2829,1.0013081382937712
2830,0.9985992912152312
2831,1.0018005498241715
2832,0.998787983397532
2833,0.9995143594894478
2834,0.999440057834841
2835,1.0000246210248542
2836,1.0001318439875275
2837,1.0022678014363893
2838,0.9995840746683595
2839,0.999559658258906
2840,0.9998118721105411
2841,1.0008953247697714
2842,1.0002523027202517
2843,1.0011646053860217
2844,0.9974129992355768
2845,1.0021470575516425
2846,0.9987223579271248
2847,1.0006874526943763
2848,1.0029657021956089
2849,0.9972642022630133
2850,1.0023494549535754
2851,0.9953949973468283
2852,1.0014908103808258
2853,1.0004249933598448
2854,1.0007296892436546
2855,0.9992841097762603
2856,1.0006682305588817
2857,0.9981421647782251
2858,1.0028584989936142
2859,0.9958049406859274
2860,1.00230000722758
2861,1.0033651268796198
2862,0.9971229064137975
2863,1.0013226639584856
2864,0.996968371519128
2865,1.0007221792226122
2866,1.0016476319777827
2867,0.9995448429163973
2868,0.9998139902006398
2869,0.9995299326870809
2870,0.9988906452950594
2871,1.000853592867279
2872,0.9995358992689499
2873,1.0013211373195667
2874,0.9955325385314725
2875,1.0023176956582822
2876,1.0000519764026565
2877,1.0004498220473304
2878,1.001928005328633
2879,1.000832569208088
2880,0.9999448210559883
2881,1.000040676087371
2882,0.9988338380503817
2883,1.000495485007761
2884,0.9966347351131185
2885,1.0053682462913571
2886,0.9964284350338276
2887,1.0015572809843418
2888,0.9985818737191434
2889,0.9980713560999663
2890,1.0016143627450849
2891,1.0009484369329893
2892,0.9969375784650706
2893,1.0040353084804972
2894,0.9973806826505393
2895,1.0026202415467684
2896,0.9971402955135646
2897,1.0040416493319926
2898,0.9957328264594696
2899,1.0011164598712716
2900,1.0033431570420903
2901,0.9967187951163987
2902,1.000390446008403
2903,1.0000127966660834
2904,0.9976444625227944
2905,1.0026646203948126
2906,1.0000179376884841
2907,0.9997528301788942
2908,0.9982122149626974
2909,1.005482883068584
2910,0.9993904626203751
2911,0.9970371754630598
2912,1.0007830716097257
2913,0.9977671836568676
2914,1.0038213155236997
2915,0.9981307591471785
2916,1.000115560090388
2917,0.9990805138604999
2918,0.9997947761755497
2919,0.9977168223263844
2920,1.004994430537476
2921,0.9972433641629772
2922,0.9991015026448947
2923,1.002311695590775
2924,0.9986858807757557
2925,0.9979825206535025
2926,1.0027376590265873
2927,1.000387937528868
2928,1.0021222474962999
2929,0.995423735261724
2930,1.0015078901381151
2931,0.9977728406012307
2932,1.0046171081211506
2933,0.9962690855259824
2934,1.0023261637339225
2935,0.9993960885103327
2936,0.9992799068597524
2937,1.0005319017655108
2938,1.0002636186839955
2939,1.0008984323934622
2940,0.9975817253340279
2941,1.0006846118980999
2942,0.9999958396301566
2943,1.0019479748090336
2944,0.9998076811205826
2945,1.0010421486370333
2946,0.9993308776355995
2947,0.9971496935058223
2948,1.0022099987262059
2949,0.9995439937825601
2950,1.0000608038427747
2951,0.9986169683519007
2952,0.9997291213194803
2953,1.0031518384323284
2954,0.9983246787859129
2955,1.0024006146094973
2956,0.9973116902030167
2957,0.9988894622841858
2958,1.002750790263887
2959,0.9994263358105017
2960,0.9987038731784202
2961,1.0007017504240339
2962,1.0020867211417113
2963,0.9978707367225441
2964,1.0005301365589798
2965,0.9996932151394177
2966,0.9997170163732891
2967,0.9972237691997011
2968,1.0044247481860633
2969,0.9984829602417667
2970,1.0002679160952266
2971,1.0012267750026522
2972,0.998475051196669
2973,1.0017426726050345
2974,0.9983709065849967
2975,0.9982691692579441
2976,1.0043606383336126
2977,0.9975279447813019
2978,0.9988663859633962
2979,0.9999451193055017
2980,1.0017970737936632
2981,0.9989234914985068
2982,1.0007477265308296
2983,0.9971832041827138
2984,1.0012664114560996
2985,0.9999114013397855
2986,1.0005678767659554
2987,1.0004537733633287
2988,0.9996386484320435
2989,1.000097406880584
2990,0.9994163949205428
2991,1.0019106508907105
2992,0.9992011954078828
2993,0.998923751883392
2994,1.002238347588727
2995,0.9951454393818419
2996,1.002593206008694
2997,1.0002304816551355
2998,0.9999230697731815
2999,1.0013152914081953
3000,0.9982810747548562
3001,1.0027742176193664
3002,0.998688613915325
3003,1.0008402640906164
3004,0.9987792933837221
3005,0.9992544352608534
3006,1.0012965669498153
3007,0.9987162739820378
3008,1.0005544178866166
3009,1.0004911863680772
3010,1.0013136430483012
3011,0.9963091832360912
3012,1.0049518341591028
3013,0.9973580524465533
3014,0.9994123931304127
3015,1.0008177359953268
3016,0.9984754232931596
3017,1.000920700717272
3018,0.9997281981433556
3019,1.0014577291027993
3020,0.9962429159401022
3021,1.0031074802654008
3022,0.9979072113106697
3023,1.00239619997691
3024,0.9974826076968951
3025,1.0013973099115983
3026,0.999854470272038
3027,0.9982447986310993
3028,1.0023591298992809
3029,1.0015156569731445
3030,0.9979080041800199
3031,1.0005009394458013
3032,0.9995649706093821
3033,0.9988779344807004
3034,1.0018140473266952
3035,0.9997167841780263
3036,0.9996227185874489
3037,0.9974314124068625
3038,1.0035961812008394
3039,0.9993376628753164
3040,1.0003666786784338
3041,0.9971109813127368
3042,0.9999964222256752
3043,1.0015833666476748
3044,1.0006956717113886
3045,1.0001646367488994
3046,1.0018994459995516
3047,0.9987959966351119
3048,0.9966134999725555
3049,1.000815062276679
3050,1.002213389521709
3051,1.0022944070633577
3052,0.9960518599666486
3053,1.0023517933650097
3054,0.9984318235039136
3055,1.0016207008749183
3056,0.9981868368435243
3057,1.0010660343793478
3058,0.9987298509206218
3059,0.9978953276198117
3060,1.0042035480919949
3061,0.9972786653510302
3062,1.0029085460550702
3063,0.9993195899076655
3064,0.9998492200830651
3065,1.0016476595200312
3066,0.997250950872334
3067,1.0034736093784125
3068,0.9962899144330103
3069,1.002286608139266
3070,0.9994013247635413
3071,1.0003604759592197
3072,1.0014016951346603
3073,0.9991166881427304
3074,0.9991825067756251
3075,0.9984646101623282
3076,1.0000847716418564
3077,1.0038226391242095
3078,0.9958694593802231
3079,1.000538219411223
3080,0.9997307844915122
3081,0.998019152140739
3082,1.003424253497328
3083,1.0003024046602262
3084,0.9987587147820872
3085,1.0013554729485967
3086,0.9963625114071611
3087,1.0009318644539986
3088,1.0004639886804414
3089,1.0001121768635046
3090,1.0034806677434978
3091,0.9970094907826414
3092,1.0007048288277913
3093,0.9978204027396594
3094,1.0017109331117762
3095,0.9991589099748474
3096,1.003591666397609
3097,0.9980377219626798
3098,0.9997926151722224
3099,0.9993260090101347
3100,1.000255994740453
3101,0.9997233318715861
3102,1.0002324770971325
3103,1.0023897057348423
3104,0.9979107830149628
3105,0.9998608226771544
3106,1.0002334417342709
3107,1.0000114706809824
3108,0.9998569320498142
3109,0.9999785760102874
3110,0.9984270863245915
3111,1.000468857970862
3112,1.0006408023559712
3113,1.0001989844056314
3114,1.0007757974562124
3115,0.9998249470859922
3116,1.000643405504896
3117,1.001749515199699
3118,0.9961723494679718
3119,1.0018137512105987
3120,0.9980795681588983
3121,1.0000681128860933
3122,1.0002868111890746
3123,1.0025050862163947
3124,0.9977947347651491
3125,0.9999432784745167
3126,1.000496273826205
3127,0.9990518790771972
3128,1.001573264820168
3129,0.9981415432713396
3130,1.001559356717286
3131,0.9993816862508019
3132,1.0006249099298963
3133,1.0003081863186527
3134,0.9983307898976945
3135,1.0034774127520207
3136,0.998210706801889
3137,1.0000003370917254
3138,0.9981974077118916
3139,1.0021604378279736
3140,0.9967338075137607
3141,1.0023720931963838
3142,1.000192720733404
3143,0.9985335209266853
3144,1.0009090771862383
3145,0.9998042503559056
3146,1.000212253558838
3147,0.9990142843586155
3148,1.0013467746296214
3149,1.0003817523738467
3150,0.9981476845869621
3151,1.00004670353501
3152,1.0016821358736387
3153,0.9991399263506787
3154,0.9984370472141371
3155,1.0026389942421627
3156,1.0015921069188896
3157,0.9976257772350007
3158,0.9996829631192564
3159,0.999996126195359
3160,1.003619182428906
3161,0.9966095849367784
3162,1.000847056158971
3163,0.9992943324154281
3164,1.0000608221337024
3165,1.0002080671696139
3166,0.9993908448158098
3167,1.0006574697472626
3168,0.9979073143407882
3169,1.0000185888479656
3170,1.001574256702391
3171,1.0019970050956135
3172,0.9976616697889648
3173,1.000933497972305
3174,1.000426050535504
3175,0.9994709871308546
3176,0.9993323288113823
3177,0.9990374765514363
3178,0.9996461473067622
3179,1.0024538783961154
3180,0.9997571485621064
3181,1.0020712646279053
3182,0.9960539525005915
3183,1.0022845053412308
3184,0.9988319224818757
3185,1.0003395667491624
3186,0.9993666029450912
3187,1.0023141393276127
3188,0.9982834839375984
3189,0.9997100878125345
3190,0.9999615881500222
3191,1.0013752190613663
3192,0.9981725036649756
3193,1.0009827830332831
3194,0.9972793868125858
3195,1.002968831291429
3196,0.9998751423205406
3197,0.999849429264402
3198,0.9998120408809373
3199,0.9991572221199203
3200,1.0022266927214405
3201,0.9986803201733723
3202,1.0000930185897965
3203,0.9999683596068979
3204,1.000288254049695
3205,0.9971721502869592
3206,1.0022590523175223
3207,1.0000189013336132
3208,0.9986897701771786
3209,0.9990218442156086
3210,1.0037351111477668
3211,0.9979215874825574
3212,1.0026070496340829
3213,0.9997416152511432
3214,0.9980996722904331
3215,0.998070391939918
3216,1.001981982453089
3217,1.0017404570700363
3218,0.9986171992904345
3219,0.9988122154218351
3220,1.000830340551017
3221,0.997974678934875
3222,1.0029905378236534
3223,1.0015761328666601
3224,0.9952355818963314
3225,1.0019288911562385
3226,1.0000436024820858
3227,1.0001406922235503
3228,1.0028246253361528
3229,0.9974309812679968
3230,1.000328618126638
3231,1.0020204791918652
3232,0.9975115755270344
3233,1.0004067501682705
3234,1.0028070709185373
3235,0.9983553509857099
3236,0.9986173252874365
3237,1.0000436571837543
3238,1.0005507452736315
3239,0.9992423793566826
3240,1.0024329653585067
3241,0.9980656224203451
3242,0.9992041701137434
3243,0.9978941359050062
3244,1.0034103101687455
3245,1.0015873539189255
3246,0.9979786485272116
3247,0.9997060067319467
3248,0.9999721139487581
3249,1.0011638003014367
3250,0.9986624469896712
3251,0.9999488541308612
3252,0.9988777540064273
3253,1.002825315395704
3254,0.9977957380576996
3255,1.001877340550298
3256,0.999391462946344
3257,0.9997053917319951
3258,0.9960675696324843
3259,1.006334872889443
3260,0.9968245769248646
3261,1.00090387727581
3262,0.9994411609798499
3263,0.9995581276981947
3264,1.0002706803820995
3265,1.0003686548578195
3266,0.9989645702068318
3267,1.0008381959169355
3268,0.9974392500319822
3269,1.0052350552901974
3270,0.9968554716506283
3271,1.0003465791123423
3272,1.0000426676013159
3273,1.0001760778419562
3274,0.9991783356833612
3275,1.0015495081958627
3276,0.9997418531544209
3277,1.0000776226972907
3278,0.9997668426295229
3279,1.0003594419897224
3280,1.0004554620487303
3281,0.9985259813447395
3282,1.0006335709394387
3283,0.9994915030100765
3284,1.0029152518207889
3285,0.9973079061736884
3286,1.0008748144324568
3287,0.9966201283813937
3288,1.0030319996320276
3289,0.9992286005648373
3290,1.0005405377396315
3291,1.0008980393724787
3292,0.9987563831960243
3293,0.9998164349314045
3294,1.002755238199579
3295,0.9974080042466699
3296,1.0010434940033277
3297,0.9984926752718821
3298,1.000956119946254
3299,0.9989721515507635
3300,1.0008421820111753
3301,0.999832402646954
3302,1.0008876637518453
3303,1.0014531649461742
3304,0.9999440316298905
3305,0.9980815527831194
3306,1.0006424120097215
3307,0.9996555810585512
3308,0.9998656236195769
3309,0.9992484196432274
3310,0.9992537245829607
3311,0.9999723071871577
3312,1.002828477336332
3313,0.9983336526438988
3314,0.9991666581251932
3315,1.0026838266341656
3316,0.9973683661611191
3317,0.9991435699673571
3318,1.00299302025987
3319,0.9972551259514381
3320,1.0002614094989173
3321,1.002622743657202
3322,0.9981014475069604
3323,1.000663831999021
3324,0.9973677830589844
3325,1.0023245489351449
3326,1.0002001841728114
3327,1.0000262756093774
3328,0.9990037487188145
3329,1.0006414645889214
3330,1.0001053566404687
3331,0.9989267315747514
3332,1.0014089166180948
3333,0.9993406002123914
3334,1.0022409617645038
3335,0.9981596546446151
3336,0.998602797261795
3337,1.0026915700589505
3338,0.9986553232503994
3339,0.99976456674573
3340,0.9997288828826588
3341,0.9998793427150834
3342,0.9985903158061267
3343,1.0020257838272695
3344,1.0006353077278407
3345,0.9986247329627211
3346,0.9982018734718459
3347,1.0004635397948463
3348,1.0018640910353358
3349,1.0004901346216724
3350,0.9999406494913106
3351,0.9969481424216652
3352,1.000082309332357
3353,1.0031381470165315
3354,0.9990688650012829
3355,1.0007779751831212
3356,0.9986883147753165
3357,1.0023666163123277
3358,0.9980576705236324
3359,1.002355857619771
3360,0.9970817869865773
3361,1.0024935694752888
3362,0.9984720191051975
3363,0.9994536607273764
3364,1.0006916442124552
3365,1.0000668100781962
3366,1.0011522419222434
3367,0.9985710535238406
3368,0.9977857606327089
3369,1.0019840018735455
3370,1.002006169506394
3371,0.9992243635483647
3372,0.9986129965637632
3373,1.0029203392089936
3374,0.9971551577364527
3375,0.998967146108013
3376,1.0005589682914104
3377,0.9996184931713131
3378,1.0021131275129371
3379,0.9996644286289694
3380,0.9984895856977011
3381,1.0007009612683955
3382,1.0012434034082673
3383,0.99831395923782
3384,1.0014219551334764
3385,1.0006931185745889
3386,0.9991168883460034
3387,1.001904804909672
3388,0.9967156306214026
3389,1.001738441614015
3390,0.9998520007330356
3391,1.0003425998895998
3392,0.999381360469814
3393,1.0002656717036882
3394,0.9993136438826401
3395,0.9996664489348138
3396,0.9983266657599602
3397,1.0019602164295773
3398,1.0014170333307555
3399,0.9984431128552246
3400,1.001156788998593
3401,1.0000390080125803
3402,1.0005799433735394
3403,0.9975610566664113
3404,1.0018063335427063
3405,0.9992749621834672
3406,1.000769084897509
3407,0.9992278213487253
3408,0.999929393881281
3409,1.0011449985155232
3410,0.998201568702717
3411,1.0009412138532343
3412,0.9976255380539576
3413,1.0033367212800308
3414,0.9974849696032237
3415,1.0028484878189259
3416,0.9979687001675768
3417,0.9990198315418273
3418,1.0013254059036962
3419,1.0003253867332695
3420,0.9993675699437182
3421,0.9986333813525733
3422,1.003078495243976
3423,1.00087181296322
3424,0.9978586790732072
3425,0.9995019369063942
3426,1.0019572288054734
3427,1.0002445753469444
3428,0.9989661072209701
3429,0.9997676323069487
3430,0.9997702031768886
3431,0.9972458697304237
3432,1.001530917142333
3433,1.0010631061322084
3434,1.0000830772683378
3435,1.0000389665692764
3436,0.9980028158851637
3437,1.0041946056173259
3438,0.9975028258935
3439,0.9990646376349945
3440,1.0018212353846843
3441,0.9994223646987738
3442,1.0000622732564197
3443,0.9994365072512245
3444,1.0003792347000726
3445,1.0003910062312509
3446,0.9998818232457162
3447,0.9983079042497098
3448,1.0007277622228066
3449,1.0022411835622873
3450,0.9958714152503447
3451,1.0027780349167383
3452,1.0000577708375575
3453,1.00030094786322
3454,0.9996176154638082
3455,0.9999449026076553
3456,1.0009963317880568
3457,0.9986663361867688
3458,0.9989387535164356
3459,0.9995852717544622
3460,1.0001086972694802
3461,1.0017843187971105
3462,0.9995966040483821
3463,0.99951114507547
3464,0.9996777916556613
3465,1.0011066783481666
3466,0.999801069075601
3467,1.0004130802581526
3468,0.9972543673737023
3469,1.0021036859301555
3470,1.0003083984661563
3471,1.0018457962002358
3472,0.9992143197766932
3473,0.998838362886859
3474,0.9976592972081413
3475,1.001713549973393
3476,1.0004344573218387
3477,1.0002273729791484
3478,1.000245603330119
3479,0.9995688123662388
3480,1.0022782995030726
3481,0.9994832657729424
3482,0.9980592859112547
3483,0.9990659409030122
3484,1.0025537759674719
3485,0.9984898213620877
3486,1.0006872031272296
3487,0.9997890913397921
3488,1.0019084572847814
3489,0.9983368370873784
3490,0.9987474605487416
3491,1.00055245327469
3492,1.0000657324137205
3493,1.00010390732865
3494,1.0013343585422323
3495,0.9982056523408984
3496,1.0010939206811351
3497,0.9993057467652361
3498,0.9988506687455024
3499,0.9989199969786136
3500,1.0013967422351515
3501,0.9996672578759999
3502,1.0007495188404536
3503,1.0013688620763048
3504,0.9980243660905747
3505,1.0018572823469218
3506,1.0000195767543316
3507,1.000482533914414
3508,0.9985832902248643
3509,0.9998472937825744
3510,0.9998869395055746
3511,0.9996077156284641
3512,1.0008333344374767
3513,1.0002935591669253
3514,0.9996928562920656
3515,1.0003748567012674
3516,0.9989994602887219
3517,1.0012499615288895
3518,0.9999007915242833
3519,1.0008858979210113
3520,0.9995591097629294
3521,0.9980925356389271
3522,1.0011842411643381
3523,1.0008657816524007
3524,0.9990926639933264
3525,1.0019851517754148
3526,0.9981423467246139
3527,0.9995403799615895
3528,1.0001776046718565
3529,0.9995543267724466
3530,0.9993855250636426
3531,1.000744118937914
3532,1.0012951825211402
3533,0.9982928200277763
3534,1.0005462914707006
3535,1.001031186122369
3536,0.9974399768842847
3537,1.0022103697416163
3538,1.0016355240415253
3539,0.9973677097759766
3540,1.0010917990493062
3541,0.9992734751756321
3542,0.999100794563572
3543,1.000781442314474
3544,1.0001387662871222
3545,0.9998734325519847
3546,1.0006556513777023
3547,0.9997387867990665
3548,1.0006865208795521
3549,0.9990049538277405
3550,0.9985658082459578
3551,1.0002999581615435
3552,0.9991030941872894
3553,1.0020086319969579
3554,0.9979753983060649
3555,1.0012877108541285
3556,1.0007076290489145
3557,1.0004565136913555
3558,0.9988420802714546
3559,0.9976374575171337
3560,1.0052485843961907
3561,0.9965279973194688
3562,1.0015293497162487
3563,1.0031183452914476
3564,0.9964293591250059
3565,0.9976647633222382
3566,1.001601339545735
3567,1.002046348042286
3568,0.9976206101493534
3569,1.002094784335404
3570,0.9992885033246683
3571,0.9995544759763096
3572,1.0006542604528794
3573,0.9984112093425481
3574,1.0014355553251515
3575,0.9989658987964023
3576,1.000768700328551
3577,1.0002253840412996
3578,1.0024134351815799
3579,1.0003742214410132
3580,0.9963608788133481
3581,1.0004438820876818
3582,1.000517224671956
3583,0.9999336414796645
3584,1.0006890936785369
3585,1.0008289341899153
3586,0.9992651685119495
3587,0.9998112897329159
3588,0.9998898668755248
3589,0.9990170401248857
3590,1.002060245934221
3591,0.9981354138904196
3592,1.0005627889626796
3593,0.998026508576703
3594,1.0017362002017836
3595,0.9995895474074665
3596,1.0018453605055408
3597,0.9982834795466484
3598,1.00131093024886
3599,0.9998081536222476
3600,1.000498784802053
3601,0.9986257081963344
3602,1.000640579876475
3603,0.9995660254502708
3604,0.9997968269045271
3605,0.9980179983535337
3606,1.0021747882085905
3607,0.9980917194616863
3608,1.0038107651592598
3609,0.9973487564569694
3610,1.0002489911791252
3611,1.0006753289185368
3612,0.9987805978807051
3613,1.00122592767645
3614,1.001590736275636
3615,1.0000827884362544
3616,1.0007765925590384
3617,0.9971858421090901
3618,1.0027018674258115
3619,0.9981036647037816
3620,0.9988762979942626
3621,1.0002910962065008
3622,1.0019821966513747
3623,0.997945597090009
3624,0.9999071746604639
3625,1.0010656917626872
3626,0.9986198936302892
3627,1.0028098416911209
3628,0.9970951911631588
3629,0.9983811094857432
3630,1.00192171506515
3631,1.0016970325283034
3632,0.9976792445151703
3633,1.0006511394516497
3634,0.999876032950063
3635,0.9975644153587241
3636,1.0020907168526918
3637,1.0006361549921896
3638,1.001341214331311
3639,0.9987492032512172
3640,1.000525565182855
3641,0.9994537125752637
3642,1.0002380666261335
3643,0.997969477219593
3644,1.0010395197895052
3645,1.0006918172160681
3646,1.0004533362713932
3647,0.9999855422166264
3648,1.0007469476260928
3649,0.9986223708815941
3650,1.000540690031508
3651,1.000902881761855
3652,1.0012955526121776
3653,0.9944875930642412
3654,1.0034727092250593
3655,1.000254015041853
3656,1.0000063690792065
3657,0.9995150203069082
3658,1.0007482229184559
3659,0.9992187941171009
3660,1.000944818208142
3661,0.9989172436872671
3662,1.0003985435385698
3663,0.9986661511231315
3664,0.9994467133414019
3665,1.0016164722735907
3666,0.9994062317105739
3667,1.0006358973738756
3668,1.000219616382714
3669,0.9985641246596884
3670,1.000133299479009
3671,0.9984285655447644
3672,1.0021284935938561
3673,0.9990502697576432
3674,1.001608552468349
3675,1.000875910244208
3676,0.9999514775981411
3677,0.9989400152678287
3678,1.00028431240244
3679,0.9991416011978022
3680,1.0025244338740618
3681,0.9977937103231307
3682,1.000147279635799
3683,0.9993168717873842
3684,1.001631120899409
3685,0.9993228672661251
3686,1.000221390003536
3687,0.9996392915617656
3688,1.0019325329628732
3689,0.9980049806689621
3690,0.9985007684936539
3691,1.0002325253282403
3692,1.0015161762668592
3693,0.9994151737336029
3694,0.9995934106187092
3695,1.0010275256506893
3696,0.9995211937477688
3697,1.0003628362635542
3698,1.0010278508142496
3699,0.9985899502613429
3700,1.0001667539147343
3701,1.0010155697244252
3702,0.9989473764662511
3703,0.9991061575198443
3704,1.000681739896907
3705,1.0013889723086664
3706,0.9987791656057248
3707,0.9990148708934521
3708,1.0008299883517224
3709,1.000604251207623
3710,0.999618013763435
3711,1.0012445574973023
3712,0.9988087505665916
3713,1.000744328347212
3714,0.9986499594235321
3715,0.9992980654701985
3716,1.0017178074169095
3717,1.002068306743086
3718,0.997477427051654
3719,0.9995143486402083
3720,0.9993724597056901
3721,1.0015919091138863
3722,1.0004796685220239
3723,0.9990868862666974
3724,1.0011415801661578
3725,0.9998841594946344
3726,0.9995517357822836
3727,1.0008286475228119
3728,0.999685108179546
3729,0.9983452674449035
3730,1.0011302976244372
3731,0.9988684216541567
3732,1.0000918749309957
3733,0.9990977351623423
3734,1.001846924310319
3735,0.9990217622419227
3736,1.0006732785199495
3737,0.999835166638356
3738,1.000756096283047
3739,0.9999858382281724
3740,1.000500477730014
3741,0.9966200265226605
3742,1.0018501906641344
3743,1.0001944173209318
3744,0.9985517289548135
3745,0.9994658557421047
3746,1.0019125578469097
3747,1.0001546862101842
3748,0.9996449621128085
3749,1.000773036116018
3750,0.9981956708229444
3751,0.9991487851788509
3752,1.0028475160820125
3753,0.998793309107891
3754,1.0005232736599488
3755,1.000179208696288
3756,0.9985818940595611
3757,1.000847752735373
3758,0.9984307771753769
3759,1.0024715535423507
3760,0.9997304241354636
3761,0.9995213472216686
3762,1.0006935299146356
3763,0.997266969414244
3764,1.0029842784884753
3765,0.9984134435256694
3766,1.002729498086989
3767,0.9975009234283689
3768,1.001674599111066
3769,0.9987159166316428
3770,1.0029194095432936
3771,0.9973348286186751
3772,0.9986186200403371
3773,1.0007038852125896
3774,0.9999387642897996
3775,1.001656161148058
3776,1.0001798219797295
3777,0.9976962214761098
3778,1.0021354565129166
3779,0.9977994689081746
3780,1.0011396698784698
3781,0.9976990849581286
3782,1.0035550612106066
3783,0.9981955512940908
3784,1.0001998997747514
3785,0.998838171617301
3786,1.0007026867402906
3787,1.000529219541508
3788,1.0001551518602216
3789,1.0009480870480856
3790,0.9994452981958735
3791,0.9999580520183563
3792,1.0007653162959471
3793,0.9989545094184312
3794,1.0006956356215708
3795,0.99921728586239
3796,0.9991030787069107
3797,1.0000362462942736
3798,1.0002407928996326
3799,1.0010010849079147
3800,0.9980856414573949
3801,1.0001015702535423
3802,1.001755370623651
3803,1.0001607396579881
3804,0.9994015671510845
3805,1.002451018783858
3806,0.9964241615567702
3807,1.00142964313134
3808,1.0005319431539679
3809,1.0015620258863023
3810,0.9965717434848796
3811,1.001093839091304
3812,1.000429639996683
3813,0.999674917774607
3814,0.9995239719966234
3815,1.001663845074883
3816,0.9988527230111014
3817,0.9999111467195451
3818,1.0010112899864592
3819,0.9971029097144583
3820,1.0016499948103885
3821,1.0010543536709138
3822,0.998325069429162
3823,1.001874777857654
3824,1.000224689887908
3825,0.9977139800602632
3826,1.0013663685194123
3827,0.9998272208855505
3828,0.9997101519007119
3829,1.001363767692008
3830,0.9999448162861816
3831,0.9991550233828632
3832,1.0006667237915832
3833,1.0008829312646457
3834,1.0009597058853252
3835,0.9999429035724282
3836,0.9988552555719734
3837,0.9996166878196715
3838,1.001017362335016
3839,0.9998350910126366
3840,0.999956089780653
3841,0.9994777315615875
3842,1.0006144199256657
3843,0.9997234138630171
3844,1.0003098217921733
3845,1.000606275800316
3846,0.9989621410467117
3847,0.9995393778581634
3848,0.9990378468076808
3849,0.9999835787481434
3850,1.0011590430531803
3851,0.9985339468451205
3852,1.0001163166280265
3853,0.9998972695473696
3854,0.9981257033264327
3855,1.003229478066996
3856,0.9986213826867875
3857,1.000500401880688
3858,0.9971699195001287
3859,1.0018691564880695
3860,1.0004549206071496
3861,1.0009206369656396
3862,0.999862032519747
3863,0.9977945116447875
3864,1.0023681550989567
3865,1.000803768263791
3866,0.9985821255500871
3867,0.9999129445313147
3868,1.0014920869508646
3869,0.9986823498230172
3870,0.9980760673516644
3871,1.0023830526459796
3872,0.998889981362975
3873,1.0023035977673471
3874,0.9979375512955454
3875,0.999491001935654
3876,1.000592999061244
3877,1.0002832595665199
3878,0.9983628793432598
3879,1.0015177469324648
3880,1.0001739962756984
3881,0.9987854395788802
3882,1.0022661472678676
3883,0.9990533971269489
3884,0.9985795239965163
3885,1.0030559630181781
3886,0.9987575417371968
3887,0.9997078695228789
3888,0.9991987224398745
3889,0.9999245267903575
3890,1.001258231069073
3891,0.9998145415880793
3892,0.9987299871739822
3893,1.0005741632396894
3894,1.0000371582347398
3895,0.9998436721492578
3896,1.0003315136239548
3897,1.000889270603466
3898,0.9993064795688044
3899,1.000413332178283
3900,0.9999022426601488
3901,0.9990144529852246
3902,1.000687971748513
3903,0.9992725333609561
3904,1.0009029797091558
3905,1.000041702372135
3906,1.0004253023705794
3907,1.0001197812799008
3908,0.999148793291852
3909,1.0019207786177333
3910,0.9991633580003304
3911,0.9983467647148289
3912,1.0008755531611644
3913,0.9999251107767794
3914,0.9985679646770327
3915,1.0003490795072978
3916,1.0022569404397927
3917,0.9986774068684566
3918,0.9993429085580567
3919,1.0007933714754014
3920,1.000284008512446
3921,0.9988897243147158
3922,1.002647625709421
3923,0.9962143534741972
3924,1.0015340300320563
3925,0.9997686070484199
3926,0.9994446612462363
3927,0.9990305785694646
3928,0.9993504871494135
3929,1.002559988885893
3930,0.9993259430850496
3931,1.0005827635165943
3932,0.9996425748134761
3933,0.9999147425412087
3934,0.998341171342758
3935,1.002136778015296
3936,0.998200847262919
3937,1.0013820950736194
3938,1.001828964945996
3939,0.9980281186000323
3940,1.0005734360649636
3941,0.9995718167638726
3942,0.9986172255063187
3943,1.002045913953267
3944,0.9987037482805013
3945,1.0003405727954866
3946,1.0015362635270744
3947,0.9995091264350607
3948,1.0001179304845114
3949,1.0008533400572648
3950,0.9978763819914631
3951,0.9996261012924755
3952,0.9997488101790791
3953,1.0015687796199566
3954,0.9995892219790018
3955,1.000079032546357
3956,0.9994426569728291
3957,1.000735999088818
3958,1.001453139651972
3959,0.9984584345027582
3960,1.0001236246155116
3961,0.9990727421121639
3962,1.003221946813204
3963,0.9973645803819997
3964,0.9994555179078657
3965,1.0008618269904501
3966,0.9994627657469832
3967,1.0006982720319026
3968,1.0006038416572642
3969,1.0004632995488192
3970,0.9979168571146627
3971,1.0005561698054324
3972,1.0017526314463434
3973,0.9982548447711044
3974,1.0013775059415202
3975,0.9985310846724716
3976,0.9999405548405568
3977,0.9982156192872592
3978,1.0030989096277583
3979,0.9986528407007262
3980,1.0004370335864972
3981,1.0000130200812714
3982,1.0003020935342124
3983,1.0008978413548497
3984,0.9991066463374007
3985,1.0010179265448709
3986,0.996604965333878
3987,1.002431353822309
3988,0.9992450783209472
3989,0.9989969970776597
3990,0.9996094419426766
3991,1.003479621761624
3992,0.999705838897755
3993,1.00033491164556
3994,0.9981023657200897
3995,1.0002809496872556
3996,0.9994412569546657
3997,0.9980918241824488
3998,1.0023505774742967
3999,1.0018272362825336
4000,0.9973682849848244
